Country Name,Country Code,Series Name,Series Code,1960 [YR1960],1961 [YR1961],1962 [YR1962],1963 [YR1963],1964 [YR1964],1965 [YR1965],1966 [YR1966],1967 [YR1967],1968 [YR1968],1969 [YR1969],1970 [YR1970],1971 [YR1971],1972 [YR1972],1973 [YR1973],1974 [YR1974],1975 [YR1975],1976 [YR1976],1977 [YR1977],1978 [YR1978],1979 [YR1979],1980 [YR1980],1981 [YR1981],1982 [YR1982],1983 [YR1983],1984 [YR1984],1985 [YR1985],1986 [YR1986],1987 [YR1987],1988 [YR1988],1989 [YR1989],1990 [YR1990],1991 [YR1991],1992 [YR1992],1993 [YR1993],1994 [YR1994],1995 [YR1995],1996 [YR1996],1997 [YR1997],1998 [YR1998],1999 [YR1999],2000 [YR2000],2001 [YR2001],2002 [YR2002],2003 [YR2003],2004 [YR2004],2005 [YR2005],2006 [YR2006],2007 [YR2007],2008 [YR2008],2009 [YR2009],2010 [YR2010],2011 [YR2011],2012 [YR2012],2013 [YR2013],2014 [YR2014],2015 [YR2015],2016 [YR2016],2017 [YR2017],2018 [YR2018],2019 [YR2019],2020 [YR2020],2021 [YR2021],2022 [YR2022],2023 [YR2023],2024 [YR2024],2025 [YR2025]
India,IND,Agricultural irrigated land (% of total agricultural land),AG.LND.IRIG.AG.ZS,..,..,..,..,..,..,..,..,..,..,..,..,..,..,..,..,..,..,..,..,..,..,..,..,..,..,..,..,..,..,..,..,..,..,..,..,..,..,..,..,..,32.2073057893366,31.5330084182543,30.7335963028921,31.6329868329868,32.8692137725814,33.8165486420686,34.9320788330921,34.6501109831606,35.3416487104871,34.4923791438579,35.3987866644404,36.3294775163937,36.7856069627931,37.899492566545,38.0592736886044,37.4767510496831,38.3008993728938,38.7893878827129,39.9642547962803,42.2656390034056,42.9821498809773,43.6985457569589,44.4148265955838,..,..
China,CHN,Agricultural irrigated land (% of total agricultural land),AG.LND.IRIG.AG.ZS,..,..,..,..,..,..,..,..,..,..,..,..,..,..,..,..,..,..,..,..,..,..,..,..,..,..,..,..,..,..,..,..,..,..,..,..,..,..,..,..,..,..,..,..,..,..,..,..,..,..,..,..,..,..,..,..,..,..,..,..,..,..,..,..,..,..
Viet Nam,VNM,Agricultural irrigated land (% of total agricultural land),AG.LND.IRIG.AG.ZS,..,..,..,..,..,..,..,..,..,..,..,..,..,..,..,..,..,..,..,..,..,..,..,..,..,..,..,..,..,..,..,..,..,..,..,..,..,..,..,..,..,..,..,..,..,..,..,..,..,..,..,..,..,..,..,..,..,..,..,..,..,..,..,..,..,..
Afghanistan,AFG,Agricultural irrigated land (% of total agricultural land),AG.LND.IRIG.AG.ZS,..,..,..,..,..,..,..,..,..,..,..,..,..,..,..,..,..,..,..,..,..,..,..,..,..,..,..,..,..,..,..,..,..,..,..,..,..,..,..,..,..,5.66212461965868,4.61762370997618,7.26428043501214,5.49989453701751,5.83906954664135,6.08546557636508,5.93975840059081,5.77856313957168,4.84228294123853,5.00039560091779,5.39100619807464,5.46499973624519,5.51833289369559,5.74254814033237,5.71089422316012,6.4811395410182,5.99050382484833,5.1223362273086,6.00631412786109,6.50692976274372,6.32161407355206,5.82830892908412,5.97911638157204,..,..
Albania,ALB,Agricultural irrigated land (% of total agricultural land),AG.LND.IRIG.AG.ZS,..,..,..,..,..,..,..,..,..,..,..,..,..,..,..,..,..,..,..,..,..,..,..,..,..,..,..,..,..,..,..,..,..,..,..,..,..,..,..,..,..,..,..,..,..,..,..,17.426273458445,9.99153259949196,16.8151169566303,17.0232248397569,17.0108243130724,17.0398734704071,17.2879642887223,12.7566444404704,13.4548241505578,14.3014301430143,14.5621022566149,14.9904478481468,15.2470187393526,15.6148787487506,16.5444897168956,16.7928848185981,18.1600612674708,..,..
Algeria,DZA,Agricultural irrigated land (% of total agricultural land),AG.LND.IRIG.AG.ZS,..,..,..,..,..,..,..,..,..,..,..,..,..,..,..,..,..,..,..,..,..,..,..,..,..,..,..,..,..,..,..,..,..,..,..,..,..,..,..,..,..,..,..,1.80926534304623,1.92733017377567,2.00189269855136,2.0276341031058,2.19383302627751,2.0715098404706,2.13711938134364,2.38125392758737,2.38477336426017,2.51924057549376,2.62963312937083,2.74253336873356,2.93141951544273,3.04763516617424,3.16041260466687,..,3.34495110852938,..,..,..,..,..,..
American Samoa,ASM,Agricultural irrigated land (% of total agricultural land),AG.LND.IRIG.AG.ZS,..,..,..,..,..,..,..,..,..,..,..,..,..,..,..,..,..,..,..,..,..,..,..,..,..,..,..,..,..,..,..,..,..,..,..,..,..,..,..,..,..,..,..,..,..,..,..,..,..,..,..,..,..,..,..,..,..,..,..,..,..,..,..,..,..,..
Andorra,AND,Agricultural irrigated land (% of total agricultural land),AG.LND.IRIG.AG.ZS,..,..,..,..,..,..,..,..,..,..,..,..,..,..,..,..,..,..,..,..,..,..,..,..,..,..,..,..,..,..,..,..,..,..,..,..,..,..,..,..,..,..,..,..,..,..,..,..,..,..,..,..,..,..,..,..,..,..,..,..,..,..,..,..,..,..
Angola,AGO,Agricultural irrigated land (% of total agricultural land),AG.LND.IRIG.AG.ZS,..,..,..,..,..,..,..,..,..,..,..,..,..,..,..,..,..,..,..,..,..,..,..,..,..,..,..,..,..,..,..,..,..,..,..,..,..,..,..,..,..,..,..,..,..,..,..,..,..,..,..,..,..,..,..,..,..,..,..,..,..,..,..,..,..,..
Antigua and Barbuda,ATG,Agricultural irrigated land (% of total agricultural land),AG.LND.IRIG.AG.ZS,..,..,..,..,..,..,..,..,..,..,..,..,..,..,..,..,..,..,..,..,..,..,..,..,..,..,..,..,..,..,..,..,..,..,..,..,..,..,..,..,..,..,..,..,..,..,..,..,..,..,..,..,..,..,..,..,..,..,..,..,..,..,..,..,..,..
Argentina,ARG,Agricultural irrigated land (% of total agricultural land),AG.LND.IRIG.AG.ZS,..,..,..,..,..,..,..,..,..,..,..,..,..,..,..,..,..,..,..,..,..,..,..,..,..,..,..,..,..,..,..,..,..,..,..,..,..,..,..,..,..,..,1.05353119415741,..,..,..,..,..,..,..,..,..,..,..,..,..,..,..,1.19986198568101,..,..,..,..,..,..,..
Armenia,ARM,Agricultural irrigated land (% of total agricultural land),AG.LND.IRIG.AG.ZS,..,..,..,..,..,..,..,..,..,..,..,..,..,..,..,..,..,..,..,..,..,..,..,..,..,..,..,..,..,..,..,..,..,..,..,..,..,..,..,..,..,..,..,..,..,..,8.76224094739239,8.82470460642731,8.90667886550778,8.9217202084407,8.94524495677233,9.10429303339026,9.17409387997623,9.16221033868093,9.1985482239543,9.22645673048249,9.23187022900763,9.22975956088539,9.23508018839802,9.2546213476446,9.28520286396181,9.30786591991975,9.43187318489835,9.45348907583369,..,..
Aruba,ABW,Agricultural irrigated land (% of total agricultural land),AG.LND.IRIG.AG.ZS,..,..,..,..,..,..,..,..,..,..,..,..,..,..,..,..,..,..,..,..,..,..,..,..,..,..,..,..,..,..,..,..,..,..,..,..,..,..,..,..,..,..,..,..,..,..,..,..,..,..,..,..,..,..,..,..,..,..,..,..,..,..,..,..,..,..
Australia,AUS,Agricultural irrigated land (% of total agricultural land),AG.LND.IRIG.AG.ZS,..,..,..,..,..,..,..,..,..,..,..,..,..,..,..,..,..,..,..,..,..,..,..,..,..,..,..,..,..,..,..,..,..,..,..,..,..,..,..,..,..,0.549923195084485,0.569351230425056,0.541069397042093,0.60824601297524,0.586256490261561,0.62203458570933,0.482734642800212,0.475483446702698,0.458287031856284,0.489143719511547,0.495555650924844,0.553121350845829,0.639634187344496,0.630650360688312,0.61734636719053,0.626674683743819,0.603490239002574,0.640298694604271,0.539344565310351,0.427517391609866,0.535047686640863,0.535047686640863,0.535453227882219,..,..
Austria,AUT,Agricultural irrigated land (% of total agricultural land),AG.LND.IRIG.AG.ZS,..,..,..,..,..,..,..,..,..,..,..,..,..,..,..,..,..,..,..,..,..,..,..,..,..,..,..,..,..,..,..,..,..,..,..,..,..,..,..,..,..,..,..,1.1784155855859,..,1.40016802016242,..,1.55471538108194,..,..,0.952792170408751,..,..,1.91908408187307,..,..,1.43062052228884,..,..,..,..,..,..,..,..,..
Azerbaijan,AZE,Agricultural irrigated land (% of total agricultural land),AG.LND.IRIG.AG.ZS,..,..,..,..,..,..,..,..,..,..,..,..,..,..,..,..,..,..,..,..,..,..,..,..,..,..,..,..,..,..,..,..,..,..,..,..,..,..,..,..,..,29.9856709372893,29.9900946279163,29.9289109493964,30.0321773328566,30.0508552935737,30.0357443229605,30.0557132345212,30.0523472155065,29.5251508208438,29.4767978518083,29.4545683309917,29.5262462512845,29.6511384125121,29.7230433779902,30.001257914378,29.8114393463231,29.9298796441654,29.9884925201381,30.0144360524719,30.6458023890714,30.7346358197716,30.7352787365338,30.6301782575948,..,..
"Bahamas, The",BHS,Agricultural irrigated land (% of total agricultural land),AG.LND.IRIG.AG.ZS,..,..,..,..,..,..,..,..,..,..,..,..,..,..,..,..,..,..,..,..,..,..,..,..,..,..,..,..,..,..,..,..,..,..,..,..,..,..,..,..,..,..,..,..,..,..,..,..,..,..,..,..,..,..,..,..,..,..,..,..,..,..,..,..,..,..
Bahrain,BHR,Agricultural irrigated land (% of total agricultural land),AG.LND.IRIG.AG.ZS,..,..,..,..,..,..,..,..,..,..,..,..,..,..,..,..,..,..,..,..,..,..,..,..,..,..,..,..,..,..,..,..,..,..,..,..,..,..,..,..,..,40.8580183861083,..,..,..,..,..,..,..,..,..,..,..,..,..,..,..,..,..,..,..,..,..,..,..,..
Bangladesh,BGD,Agricultural irrigated land (% of total agricultural land),AG.LND.IRIG.AG.ZS,..,..,..,..,..,..,..,..,..,..,..,..,..,..,..,..,..,..,..,..,..,..,..,..,..,..,..,..,..,..,..,..,..,..,..,..,..,..,..,..,..,..,..,..,51.346133218921,51.1223284287402,52.6185344827586,..,..,..,..,..,..,58.9920948616601,59.3691614463128,59.4614417435038,59.7114923413757,60.158936274195,60.3828825402345,82.7604554645099,83.5524920466596,84.3491187088554,88.7769173650154,89.0413873816363,..,..
Barbados,BRB,Agricultural irrigated land (% of total agricultural land),AG.LND.IRIG.AG.ZS,..,..,..,..,..,..,..,..,..,..,..,..,..,..,..,..,..,..,..,..,..,..,..,..,..,..,..,..,..,..,..,..,..,..,..,..,..,..,..,..,..,..,..,..,..,..,..,..,..,..,..,..,..,..,..,..,..,..,..,..,..,..,..,..,..,..
Belarus,BLR,Agricultural irrigated land (% of total agricultural land),AG.LND.IRIG.AG.ZS,..,..,..,..,..,..,..,..,..,..,..,..,..,..,..,..,..,..,..,..,..,..,..,..,..,..,..,..,..,..,..,..,..,..,..,..,..,..,..,..,..,1.25985977212971,1.27423822714681,1.26864010683285,1.27274757173161,1.27388535031847,1.23911587407904,..,0.594370303913872,0.526492662708637,0.337154416722859,0.344788732394366,0.34106412005457,0.339792451097438,0.344391748512854,0.352219449044809,0.355104480410656,0.356722392276901,0.358452620371466,0.361273399308454,0.365897838425311,0.349889894788353,0.321225599209291,0.318645755538959,..,..
Belgium,BEL,Agricultural irrigated land (% of total agricultural land),AG.LND.IRIG.AG.ZS,..,..,..,..,..,..,..,..,..,..,..,..,..,..,..,..,..,..,..,..,..,..,..,..,..,..,..,..,..,..,..,..,..,..,..,..,..,..,..,..,..,..,..,0.136474644447637,..,0.245842371655821,..,0.417001975272514,..,..,..,..,..,0.42648709315376,..,..,..,..,..,..,..,..,..,..,..,..
Belize,BLZ,Agricultural irrigated land (% of total agricultural land),AG.LND.IRIG.AG.ZS,..,..,..,..,..,..,..,..,..,..,..,..,..,..,..,..,..,..,..,..,..,..,..,..,..,..,..,..,..,..,..,..,..,..,..,..,..,..,..,..,..,..,..,..,..,..,..,..,..,..,..,..,..,..,..,..,..,..,..,..,..,..,..,..,..,..
Benin,BEN,Agricultural irrigated land (% of total agricultural land),AG.LND.IRIG.AG.ZS,..,..,..,..,..,..,..,..,..,..,..,..,..,..,..,..,..,..,..,..,..,..,..,..,..,..,..,..,..,..,..,..,..,..,..,..,..,..,..,..,..,..,0.276182469302913,..,..,..,..,0.470538935765221,..,..,..,..,0.456815528328406,..,..,..,..,0.420190659557399,..,1.14440949269105,..,..,..,..,..,..
Bermuda,BMU,Agricultural irrigated land (% of total agricultural land),AG.LND.IRIG.AG.ZS,..,..,..,..,..,..,..,..,..,..,..,..,..,..,..,..,..,..,..,..,..,..,..,..,..,..,..,..,..,..,..,..,..,..,..,..,..,..,..,..,..,..,..,..,..,..,..,..,..,..,..,..,..,..,..,..,..,..,..,..,..,..,..,..,..,..
Bhutan,BTN,Agricultural irrigated land (% of total agricultural land),AG.LND.IRIG.AG.ZS,..,..,..,..,..,..,..,..,..,..,..,..,..,..,..,..,..,..,..,..,..,..,..,..,..,..,..,..,..,..,..,..,..,..,..,..,..,..,..,..,..,..,..,..,..,..,..,..,..,..,..,..,..,..,..,..,..,..,..,..,..,..,..,..,..,..
Bolivia,BOL,Agricultural irrigated land (% of total agricultural land),AG.LND.IRIG.AG.ZS,..,..,..,..,..,..,..,..,..,..,..,..,..,..,..,..,..,..,..,..,..,..,..,..,..,..,..,..,..,..,..,..,..,..,..,..,..,..,..,..,..,..,..,..,..,..,..,..,..,..,..,..,..,..,..,..,..,0.783342119135477,..,..,..,..,..,..,..,..
Bosnia and Herzegovina,BIH,Agricultural irrigated land (% of total agricultural land),AG.LND.IRIG.AG.ZS,..,..,..,..,..,..,..,..,..,..,..,..,..,..,..,..,..,..,..,..,..,..,..,..,..,..,..,..,..,..,..,..,..,..,..,..,..,..,..,..,..,..,..,..,..,..,..,..,..,..,..,..,..,..,..,..,..,..,..,..,..,..,..,..,..,..
Botswana,BWA,Agricultural irrigated land (% of total agricultural land),AG.LND.IRIG.AG.ZS,..,..,..,..,..,..,..,..,..,..,..,..,..,..,..,..,..,..,..,..,..,..,..,..,..,..,..,..,..,..,..,..,..,..,..,..,..,..,..,..,..,..,..,0.000542719801519615,0.00116157509582995,..,0.00116265550517382,0.000814458578963698,0.00579575750550597,0.00254649278493711,0.00290011987162136,0.00134999614286816,0.00424923706879901,0.00425005795533575,0.00961390555299185,..,..,..,..,..,..,..,..,..,..,..
Brazil,BRA,Agricultural irrigated land (% of total agricultural land),AG.LND.IRIG.AG.ZS,..,..,..,..,..,..,..,..,..,..,..,..,..,..,..,..,..,..,..,..,..,..,..,..,..,..,..,..,..,..,..,..,..,..,..,..,..,..,..,..,..,..,..,..,..,..,1.94539442937572,..,..,..,..,..,..,..,..,..,..,2.91412915454726,..,3.46044099838366,3.56603573039288,3.70707547169811,3.87876104288415,3.87876104288415,..,..
British Virgin Islands,VGB,Agricultural irrigated land (% of total agricultural land),AG.LND.IRIG.AG.ZS,..,..,..,..,..,..,..,..,..,..,..,..,..,..,..,..,..,..,..,..,..,..,..,..,..,..,..,..,..,..,..,..,..,..,..,..,..,..,..,..,..,..,..,..,..,..,..,..,..,..,..,..,..,..,..,..,..,..,..,..,..,..,..,..,..,..
Brunei Darussalam,BRN,Agricultural irrigated land (% of total agricultural land),AG.LND.IRIG.AG.ZS,..,..,..,..,..,..,..,..,..,..,..,..,..,..,..,..,..,..,..,..,..,..,..,..,..,..,..,..,..,..,..,..,..,..,..,..,..,..,..,..,..,..,0.769230769230769,0.769230769230769,0.769230769230769,0.769230769230769,0,0.806451612903226,..,..,..,..,..,..,..,..,..,..,..,..,6.7865671641791,7.74925373134328,8.33805970149254,8.23507462686567,..,..
Bulgaria,BGR,Agricultural irrigated land (% of total agricultural land),AG.LND.IRIG.AG.ZS,..,..,..,..,..,..,..,..,..,..,..,..,..,..,..,..,..,..,..,..,..,..,..,..,..,..,..,..,..,..,..,..,..,..,..,..,..,..,..,..,..,..,..,1.48328952309425,..,1.02564102564103,..,1.42689601250977,..,..,1.78147268408551,..,..,1.97597597597598,..,..,1.85022903804023,..,..,..,0.541149197543095,0.56164454131167,0.547192353643967,0.616381403920456,..,..
Burkina Faso,BFA,Agricultural irrigated land (% of total agricultural land),AG.LND.IRIG.AG.ZS,..,..,..,..,..,..,..,..,..,..,..,..,..,..,..,..,..,..,..,..,..,..,..,..,..,..,..,..,..,..,..,..,..,..,..,..,..,..,..,..,..,..,..,..,..,..,..,..,..,..,..,..,..,..,..,..,..,..,..,..,..,..,..,..,..,..
Burundi,BDI,Agricultural irrigated land (% of total agricultural land),AG.LND.IRIG.AG.ZS,..,..,..,..,..,..,..,..,..,..,..,..,..,..,..,..,..,..,..,..,..,..,..,..,..,..,..,..,..,..,..,..,..,..,..,..,..,..,..,..,..,..,..,..,..,..,..,..,..,..,..,..,..,..,..,..,..,..,..,..,..,..,..,..,..,..
Cabo Verde,CPV,Agricultural irrigated land (% of total agricultural land),AG.LND.IRIG.AG.ZS,..,..,..,..,..,..,..,..,..,..,..,..,..,..,..,..,..,..,..,..,..,..,..,..,..,..,..,..,..,..,..,..,..,..,..,..,..,..,..,..,..,..,..,..,..,..,..,..,..,..,..,..,..,..,..,..,..,..,..,..,..,..,..,..,..,..
Cambodia,KHM,Agricultural irrigated land (% of total agricultural land),AG.LND.IRIG.AG.ZS,..,..,..,..,..,..,..,..,..,..,..,..,..,..,..,..,..,..,..,..,..,..,..,..,..,..,..,..,..,..,..,..,..,..,..,..,..,..,..,..,..,..,..,..,..,..,..,..,..,..,..,..,..,..,..,..,..,..,..,..,..,..,..,..,..,..
Cameroon,CMR,Agricultural irrigated land (% of total agricultural land),AG.LND.IRIG.AG.ZS,..,..,..,..,..,..,..,..,..,..,..,..,..,..,..,..,..,..,..,..,..,..,..,..,..,..,..,..,..,..,..,..,..,..,..,..,..,..,..,..,..,..,..,..,..,..,..,..,..,..,..,..,..,..,..,..,..,..,..,..,..,..,..,..,..,..
Canada,CAN,Agricultural irrigated land (% of total agricultural land),AG.LND.IRIG.AG.ZS,..,..,..,..,..,..,..,..,..,..,..,..,..,..,..,..,..,..,..,..,..,..,..,..,..,..,..,..,..,..,..,..,..,..,..,..,..,..,..,..,..,..,..,..,..,1.37050733099779,..,..,..,..,1.32120796156486,..,..,..,..,1.55988617745969,..,..,..,..,..,..,..,..,..,..
Cayman Islands,CYM,Agricultural irrigated land (% of total agricultural land),AG.LND.IRIG.AG.ZS,..,..,..,..,..,..,..,..,..,..,..,..,..,..,..,..,..,..,..,..,..,..,..,..,..,..,..,..,..,..,..,..,..,..,..,..,..,..,..,..,..,..,..,..,..,..,..,..,..,..,..,..,..,..,..,..,..,..,..,..,..,..,..,..,..,..
Central African Republic,CAF,Agricultural irrigated land (% of total agricultural land),AG.LND.IRIG.AG.ZS,..,..,..,..,..,..,..,..,..,..,..,..,..,..,..,..,..,..,..,..,..,..,..,..,..,..,..,..,..,..,..,..,..,..,..,..,..,..,..,..,..,..,..,..,..,..,..,..,..,..,..,..,..,..,..,..,..,..,..,..,..,..,..,..,..,..
Chad,TCD,Agricultural irrigated land (% of total agricultural land),AG.LND.IRIG.AG.ZS,..,..,..,..,..,..,..,..,..,..,..,..,..,..,..,..,..,..,..,..,..,..,..,..,..,..,..,..,..,..,..,..,..,..,..,..,..,..,..,..,..,..,..,..,..,..,..,..,..,..,..,..,..,..,..,..,..,..,..,..,..,..,..,..,..,..
Channel Islands,CHI,Agricultural irrigated land (% of total agricultural land),AG.LND.IRIG.AG.ZS,..,..,..,..,..,..,..,..,..,..,..,..,..,..,..,..,..,..,..,..,..,..,..,..,..,..,..,..,..,..,..,..,..,..,..,..,..,..,..,..,..,9.33333333333333,14.8648648648649,12.1621621621622,6.66666666666667,3.94736842105263,..,..,0.740740740740741,3.29545454545454,3.51262349066959,4.26638917793965,3.13807531380753,3.69978858350951,3.57142857142857,3.67170626349892,3.65984930032293,..,..,..,..,..,..,..,..,..
Chile,CHL,Agricultural irrigated land (% of total agricultural land),AG.LND.IRIG.AG.ZS,..,..,..,..,..,..,..,..,..,..,..,..,..,..,..,..,..,..,..,..,..,..,..,..,..,..,..,..,..,..,..,..,..,..,..,..,..,..,..,..,..,..,..,..,..,..,..,6.95397915077549,..,..,..,..,..,..,..,..,..,..,..,..,..,8.4063628013325,8.5491626347143,8.50102224465314,..,..
Colombia,COL,Agricultural irrigated land (% of total agricultural land),AG.LND.IRIG.AG.ZS,..,..,..,..,..,..,..,..,..,..,..,..,..,..,..,..,..,..,..,..,..,..,..,..,..,..,..,..,..,..,..,..,..,..,..,..,..,..,..,..,..,..,..,..,..,..,..,..,..,..,..,0.944368543419381,..,1.45172663090531,..,..,..,..,..,..,..,..,..,..,..,..
Comoros,COM,Agricultural irrigated land (% of total agricultural land),AG.LND.IRIG.AG.ZS,..,..,..,..,..,..,..,..,..,..,..,..,..,..,..,..,..,..,..,..,..,..,..,..,..,..,..,..,..,..,..,..,..,..,..,..,..,..,..,..,..,..,..,..,..,..,..,..,..,..,..,..,..,..,..,..,..,..,..,..,..,..,..,..,..,..
"Congo, Dem. Rep.",COD,Agricultural irrigated land (% of total agricultural land),AG.LND.IRIG.AG.ZS,..,..,..,..,..,..,..,..,..,..,..,..,..,..,..,..,..,..,..,..,..,..,..,..,..,..,..,..,..,..,..,..,..,..,..,..,..,..,..,..,..,..,..,..,..,..,..,..,..,..,..,..,..,..,..,..,..,..,..,..,..,..,..,..,..,..
"Congo, Rep.",COG,Agricultural irrigated land (% of total agricultural land),AG.LND.IRIG.AG.ZS,..,..,..,..,..,..,..,..,..,..,..,..,..,..,..,..,..,..,..,..,..,..,..,..,..,..,..,..,..,..,..,..,..,..,..,..,..,..,..,..,..,..,..,..,..,..,..,..,..,..,..,..,..,..,..,..,..,..,..,..,..,..,..,..,..,..
Costa Rica,CRI,Agricultural irrigated land (% of total agricultural land),AG.LND.IRIG.AG.ZS,..,..,..,..,..,..,..,..,..,..,..,..,..,..,..,..,..,..,..,..,..,..,..,..,..,..,..,..,..,..,..,..,..,..,..,..,..,..,..,..,..,..,..,..,..,..,..,..,..,..,..,..,..,..,..,..,..,..,..,..,..,..,..,..,..,..
Cote d'Ivoire,CIV,Agricultural irrigated land (% of total agricultural land),AG.LND.IRIG.AG.ZS,..,..,..,..,..,..,..,..,..,..,..,..,..,..,..,..,..,..,..,..,..,..,..,..,..,..,..,..,..,..,..,..,..,..,..,..,..,..,..,..,..,..,..,..,..,..,..,..,..,..,..,..,..,..,..,..,..,..,..,..,..,..,..,..,..,..
Croatia,HRV,Agricultural irrigated land (% of total agricultural land),AG.LND.IRIG.AG.ZS,..,..,..,..,..,..,..,..,..,..,..,..,..,..,..,..,..,..,..,..,..,..,..,..,..,..,..,..,..,..,..,..,..,..,..,..,..,..,..,..,..,..,..,..,0.935374149659864,..,0.32520325203252,0.382695507487521,..,0.384733764235149,1.08711950817214,..,..,0.854973521342436,..,..,1.01552393272962,..,..,..,1.13621262458472,1.15853658536585,1.17403314917127,1.61507402422611,..,..
Cuba,CUB,Agricultural irrigated land (% of total agricultural land),AG.LND.IRIG.AG.ZS,..,..,..,..,..,..,..,..,..,..,..,..,..,..,..,..,..,..,..,..,..,..,..,..,..,..,..,..,..,..,..,..,..,..,..,..,..,..,..,..,..,..,..,..,..,..,..,..,..,..,..,..,..,..,..,..,..,..,..,..,..,..,..,..,..,..
Curacao,CUW,Agricultural irrigated land (% of total agricultural land),AG.LND.IRIG.AG.ZS,..,..,..,..,..,..,..,..,..,..,..,..,..,..,..,..,..,..,..,..,..,..,..,..,..,..,..,..,..,..,..,..,..,..,..,..,..,..,..,..,..,..,..,..,..,..,..,..,..,..,..,..,..,..,..,..,..,..,..,..,..,..,..,..,..,..
Cyprus,CYP,Agricultural irrigated land (% of total agricultural land),AG.LND.IRIG.AG.ZS,..,..,..,..,..,..,..,..,..,..,..,..,..,..,..,..,..,..,..,..,..,..,..,..,..,..,..,..,..,..,..,..,..,..,..,..,..,..,..,..,..,25,25,23.3766233766234,21.7948717948718,20.9580838323353,21.0191082802548,20.2445652173913,21.1072664359862,22.4137931034483,21.8340611353712,21.4101461736887,20.9580838323353,21.3176513828907,21.2883097816113,19.9715819387433,21.4772831154585,20.0420029649152,19.0083724118873,20.7590617928578,21.0405960140386,21.4501222387327,20.5717151209807,19.0224835906146,..,..
Czechia,CZE,Agricultural irrigated land (% of total agricultural land),AG.LND.IRIG.AG.ZS,..,..,..,..,..,..,..,..,..,..,..,..,..,..,..,..,..,..,..,..,..,..,..,..,..,..,..,..,..,..,..,..,..,..,..,..,..,..,..,..,..,..,..,0.460688797902094,..,0.471503179872916,..,0.556065282064114,0.279985776722542,0.310220058829004,0.53917228540943,0.57076974007146,0.56723267033288,0.511218403862539,0.511945392491468,0.515168860904407,0.716743119266055,0.710025560920193,0.709622480840193,0.709489766177715,0.624313432585926,0.623803578506073,0.623154789100343,0.670379870609385,..,..
Denmark,DNK,Agricultural irrigated land (% of total agricultural land),AG.LND.IRIG.AG.ZS,..,..,..,..,..,..,..,..,..,..,..,..,..,..,..,..,..,..,..,..,..,..,..,..,..,..,..,..,..,..,..,..,..,..,..,..,..,..,..,..,..,7.62331838565022,7.65478424015009,7.58088788562829,7.70975056689342,9.67861100849649,9.66789667896679,9.5381149079985,9.52023988005997,9.64312832194381,12.1477532368621,..,..,9.20852359208524,..,5.54311308064584,8.30444554493162,8.20887014023486,8.69895536562203,11.652859044199,9.00767828237316,9.01451489686784,9.22256097560976,6.86760778328882,..,..
Djibouti,DJI,Agricultural irrigated land (% of total agricultural land),AG.LND.IRIG.AG.ZS,..,..,..,..,..,..,..,..,..,..,..,..,..,..,..,..,..,..,..,..,..,..,..,..,..,..,..,..,..,..,..,..,..,..,..,..,..,..,..,..,..,..,..,..,..,..,..,..,..,..,..,..,..,..,..,..,..,..,..,..,..,..,..,..,..,..
Dominica,DMA,Agricultural irrigated land (% of total agricultural land),AG.LND.IRIG.AG.ZS,..,..,..,..,..,..,..,..,..,..,..,..,..,..,..,..,..,..,..,..,..,..,..,..,..,..,..,..,..,..,..,..,..,..,..,..,..,..,..,..,..,..,..,..,..,..,..,..,..,..,..,..,..,..,..,..,..,..,..,..,..,..,..,..,..,..
Dominican Republic,DOM,Agricultural irrigated land (% of total agricultural land),AG.LND.IRIG.AG.ZS,..,..,..,..,..,..,..,..,..,..,..,..,..,..,..,..,..,..,..,..,..,..,..,..,..,..,..,..,..,..,..,..,..,..,..,..,..,..,..,..,..,8.90218687872764,7.92127236580517,7.99179492167661,9.30740668097878,10.2960707587818,9.65805487209532,9.29189012041728,9.34905384226728,9.24809582782265,9.03051325564017,8.98407873812148,9.60431273587445,9.67288533984939,10.1624024380542,10.7265582143867,10.8798482125376,11.2692200063901,11.5588421282869,11.5133823365552,11.8163371646683,11.7968718021273,11.304370751496,11.1697966898345,..,..
Ecuador,ECU,Agricultural irrigated land (% of total agricultural land),AG.LND.IRIG.AG.ZS,..,..,..,..,..,..,..,..,..,..,..,..,..,..,..,..,..,..,..,..,..,..,..,..,..,..,..,..,..,..,..,..,..,..,..,..,..,..,..,..,..,..,8.58477970627503,9.26896551724138,9.52570745316859,10.0266666666667,10.2229983879635,10.7528332433891,10.1813297515111,12.6353790613718,12.5638529148939,12.7686799798533,12.6283818886624,12.5781977904965,16.6392694063927,15.6676455346347,16.2799129804206,17.2808586762075,15.8957415565345,17.4484052532833,18.450184501845,18.8665447897623,23.4106207928197,21.1214953271028,..,..
"Egypt, Arab Rep.",EGY,Agricultural irrigated land (% of total agricultural land),AG.LND.IRIG.AG.ZS,..,..,..,..,..,..,..,..,..,..,..,..,..,..,..,..,..,..,..,..,..,..,..,..,..,..,..,..,..,..,..,..,..,..,..,..,..,..,..,..,..,..,..,..,..,..,..,..,..,..,..,..,..,..,..,..,..,..,..,..,..,..,..,..,..,..
El Salvador,SLV,Agricultural irrigated land (% of total agricultural land),AG.LND.IRIG.AG.ZS,..,..,..,..,..,..,..,..,..,..,..,..,..,..,..,..,..,..,..,..,..,..,..,..,..,..,..,..,..,..,..,..,..,..,..,..,..,..,..,..,..,..,..,2.27145931298318,2.20192082454907,2.47004759560151,2.6707206837045,2.01401756223314,2.26262626262626,2.55329496636135,1.38222619725181,1.28874388254486,1.61184748813615,1.68253447143795,1.76247735134245,..,1.86969771847459,..,1.86501630843857,2.12427866521703,2.29154470184829,2.01028686125282,2.01028686125282,2.01028686125282,..,..
Equatorial Guinea,GNQ,Agricultural irrigated land (% of total agricultural land),AG.LND.IRIG.AG.ZS,..,..,..,..,..,..,..,..,..,..,..,..,..,..,..,..,..,..,..,..,..,..,..,..,..,..,..,..,..,..,..,..,..,..,..,..,..,..,..,..,..,..,..,..,..,..,..,..,..,..,..,..,..,..,..,..,..,..,..,..,..,..,..,..,..,..
Eritrea,ERI,Agricultural irrigated land (% of total agricultural land),AG.LND.IRIG.AG.ZS,..,..,..,..,..,..,..,..,..,..,..,..,..,..,..,..,..,..,..,..,..,..,..,..,..,..,..,..,..,..,..,..,..,..,..,..,..,..,..,..,..,..,..,..,..,..,..,..,..,..,..,..,..,..,..,..,..,..,..,..,..,..,..,..,..,..
Estonia,EST,Agricultural irrigated land (% of total agricultural land),AG.LND.IRIG.AG.ZS,..,..,..,..,..,..,..,..,..,..,..,..,..,..,..,..,..,..,..,..,..,..,..,..,..,..,..,..,..,..,..,..,..,..,..,..,..,..,..,..,..,..,..,..,..,0.0680349245946252,..,..,..,..,0.0316188870151771,..,..,0.0310880829015544,..,..,0.199401794616152,..,..,..,..,..,..,..,..,..
Eswatini,SWZ,Agricultural irrigated land (% of total agricultural land),AG.LND.IRIG.AG.ZS,..,..,..,..,..,..,..,..,..,..,..,..,..,..,..,..,..,..,..,..,..,..,..,..,..,..,..,..,..,..,..,..,..,..,..,..,..,..,..,..,..,..,3.66339869281046,..,..,..,..,..,..,..,..,..,..,..,..,..,..,..,..,..,..,..,..,..,..,..
Ethiopia,ETH,Agricultural irrigated land (% of total agricultural land),AG.LND.IRIG.AG.ZS,..,..,..,..,..,..,..,..,..,..,..,..,..,..,..,..,..,..,..,..,..,..,..,..,..,..,..,..,..,..,..,..,..,..,..,..,..,..,..,..,..,0.323963480480382,0.324611449931143,0.3815610466036,0.36705839702728,0.437319520109553,0.393056489085011,0.512586595204835,0.476255324080781,0.441331999428326,0.510046800997674,0.453128957307874,..,..,..,..,..,1.84001614273803,2.08070495739124,..,0.471448509594268,..,..,..,..,..
Faroe Islands,FRO,Agricultural irrigated land (% of total agricultural land),AG.LND.IRIG.AG.ZS,..,..,..,..,..,..,..,..,..,..,..,..,..,..,..,..,..,..,..,..,..,..,..,..,..,..,..,..,..,..,..,..,..,..,..,..,..,..,..,..,..,..,..,..,..,..,..,..,..,..,..,..,..,..,..,..,..,..,..,..,..,..,..,..,..,..
Fiji,FJI,Agricultural irrigated land (% of total agricultural land),AG.LND.IRIG.AG.ZS,..,..,..,..,..,..,..,..,..,..,..,..,..,..,..,..,..,..,..,..,..,..,..,..,..,..,..,..,..,..,..,..,..,..,..,..,..,..,..,..,..,..,..,..,..,..,..,..,..,..,..,..,..,..,..,..,..,..,..,..,..,..,..,..,..,..
Finland,FIN,Agricultural irrigated land (% of total agricultural land),AG.LND.IRIG.AG.ZS,..,..,..,..,..,..,..,..,..,..,..,..,..,..,..,..,..,..,..,..,..,..,..,..,..,..,..,..,..,..,..,..,..,..,..,..,..,..,..,..,..,..,..,..,..,..,..,..,..,..,0.655351455124569,..,..,0.420633163604162,0.396982929734021,0.351895838831706,0.351648351648352,..,..,..,..,..,..,..,..,..
France,FRA,Agricultural irrigated land (% of total agricultural land),AG.LND.IRIG.AG.ZS,..,..,..,..,..,..,..,..,..,..,..,..,..,..,..,..,..,..,..,..,..,..,..,..,..,..,..,..,..,..,..,..,..,..,..,..,..,..,..,..,..,..,..,..,..,5.77195274647504,..,5.17597351238269,..,..,5.47460269719943,..,..,4.94757365232834,..,..,..,..,..,..,6.4253566389628,..,..,..,..,..
French Polynesia,PYF,Agricultural irrigated land (% of total agricultural land),AG.LND.IRIG.AG.ZS,..,..,..,..,..,..,..,..,..,..,..,..,..,..,..,..,..,..,..,..,..,..,..,..,..,..,..,..,..,..,..,..,..,..,..,..,..,..,..,..,..,..,..,..,..,..,..,..,..,..,..,..,..,..,..,..,..,..,..,..,..,..,..,..,..,..
Gabon,GAB,Agricultural irrigated land (% of total agricultural land),AG.LND.IRIG.AG.ZS,..,..,..,..,..,..,..,..,..,..,..,..,..,..,..,..,..,..,..,..,..,..,..,..,..,..,..,..,..,..,..,..,..,..,..,..,..,..,..,..,..,..,..,..,..,..,..,..,..,..,..,..,..,..,..,..,..,..,..,..,..,..,..,..,..,..
"Gambia, The",GMB,Agricultural irrigated land (% of total agricultural land),AG.LND.IRIG.AG.ZS,..,..,..,..,..,..,..,..,..,..,..,..,..,..,..,..,..,..,..,..,..,..,..,..,..,..,..,..,..,..,..,..,..,..,..,..,..,..,..,..,..,..,..,..,..,..,..,..,..,..,..,..,..,..,..,..,..,..,..,..,..,..,..,..,..,..
Georgia,GEO,Agricultural irrigated land (% of total agricultural land),AG.LND.IRIG.AG.ZS,..,..,..,..,..,..,..,..,..,..,..,..,..,..,..,..,..,..,..,..,..,..,..,..,..,..,..,..,..,..,..,..,..,..,..,..,..,..,..,..,..,..,..,..,..,..,3.9714058776807,4.17163289630513,4.01750198886237,..,..,..,..,..,..,..,..,..,..,..,..,..,..,..,..,..
Germany,DEU,Agricultural irrigated land (% of total agricultural land),AG.LND.IRIG.AG.ZS,..,..,..,..,..,..,..,..,..,..,..,..,..,..,..,..,..,..,..,..,..,..,..,..,..,..,..,..,..,..,..,..,..,..,..,..,..,..,..,..,..,..,..,..,..,..,1.38439749793462,..,..,2.20893047494966,..,..,..,2.1896149008804,..,..,2.71204754186926,..,..,..,3.05212413377523,..,..,..,..,..
Ghana,GHA,Agricultural irrigated land (% of total agricultural land),AG.LND.IRIG.AG.ZS,..,..,..,..,..,..,..,..,..,..,..,..,..,..,..,..,..,..,..,..,..,..,..,..,..,..,..,..,..,..,..,..,..,..,..,..,..,..,..,..,..,..,..,..,..,0.0907622241286323,0.149454586658722,0.0881957805214327,..,0.243695092144932,0.241926938387176,0.243746962151142,0.242908323872324,2.9334651980501,0.29091720602986,..,..,..,..,..,..,..,..,..,..,..
Gibraltar,GIB,Agricultural irrigated land (% of total agricultural land),AG.LND.IRIG.AG.ZS,..,..,..,..,..,..,..,..,..,..,..,..,..,..,..,..,..,..,..,..,..,..,..,..,..,..,..,..,..,..,..,..,..,..,..,..,..,..,..,..,..,..,..,..,..,..,..,..,..,..,..,..,..,..,..,..,..,..,..,..,..,..,..,..,..,..
Greece,GRC,Agricultural irrigated land (% of total agricultural land),AG.LND.IRIG.AG.ZS,..,..,..,..,..,..,..,..,..,..,..,..,..,..,..,..,..,..,..,..,..,..,..,..,..,..,..,..,..,..,..,..,..,..,..,..,..,..,..,..,..,..,..,15.8870576829859,..,16.6146158650843,18.64428335241,18.6766413001419,18.6234817813765,18.2275132275132,18.3202029643477,18.6587344510546,18.9070438006316,19.1947434642807,20.2386711820674,19.9064365220197,19.6870925684485,20.4361107139147,20.6583539411811,20.2151294889448,21.5464951173497,21.3427492773632,22.2555567638699,22.2555563495847,..,..
Greenland,GRL,Agricultural irrigated land (% of total agricultural land),AG.LND.IRIG.AG.ZS,..,..,..,..,..,..,..,..,..,..,..,..,..,..,..,..,..,..,..,..,..,..,..,..,..,..,..,..,..,..,..,..,..,..,..,..,..,..,..,..,..,..,..,..,..,..,..,..,0.0825763831544178,..,..,..,..,..,..,..,..,..,..,..,..,..,..,..,..,..
Grenada,GRD,Agricultural irrigated land (% of total agricultural land),AG.LND.IRIG.AG.ZS,..,..,..,..,..,..,..,..,..,..,..,..,..,..,..,..,..,..,..,..,..,..,..,..,..,..,..,..,..,..,..,..,..,..,..,..,..,..,..,..,..,..,..,..,..,..,..,..,2.22222222222222,..,..,..,..,..,..,..,..,..,..,..,..,..,..,..,..,..
Guam,GUM,Agricultural irrigated land (% of total agricultural land),AG.LND.IRIG.AG.ZS,..,..,..,..,..,..,..,..,..,..,..,..,..,..,..,..,..,..,..,..,..,..,..,..,..,..,..,..,..,..,..,..,..,..,..,..,..,..,..,..,..,..,..,..,..,..,..,..,..,..,..,..,..,..,..,..,..,..,..,..,..,..,..,..,..,..
Guatemala,GTM,Agricultural irrigated land (% of total agricultural land),AG.LND.IRIG.AG.ZS,..,..,..,..,..,..,..,..,..,..,..,..,..,..,..,..,..,..,..,..,..,..,..,..,..,..,..,..,..,..,..,..,..,..,..,..,..,..,..,..,..,..,..,6.30632451000202,..,..,..,..,..,..,..,..,..,..,..,..,..,..,..,..,..,..,..,..,..,..
Guinea,GIN,Agricultural irrigated land (% of total agricultural land),AG.LND.IRIG.AG.ZS,..,..,..,..,..,..,..,..,..,..,..,..,..,..,..,..,..,..,..,..,..,..,..,..,..,..,..,..,..,..,..,..,..,..,..,..,..,..,..,..,..,..,0.673163319281079,..,..,..,..,0.662241807428582,..,..,..,..,0.609826140816349,..,..,..,..,0.573996293689601,..,..,..,..,..,..,..,..
Guinea-Bissau,GNB,Agricultural irrigated land (% of total agricultural land),AG.LND.IRIG.AG.ZS,..,..,..,..,..,..,..,..,..,..,..,..,..,..,..,..,..,..,..,..,..,..,..,..,..,..,..,..,..,..,..,..,..,..,..,..,..,..,..,..,..,..,..,..,..,..,..,..,..,..,..,..,..,..,..,..,..,..,..,..,..,..,..,..,..,..
Guyana,GUY,Agricultural irrigated land (% of total agricultural land),AG.LND.IRIG.AG.ZS,..,..,..,..,..,..,..,..,..,..,..,..,..,..,..,..,..,..,..,..,..,..,..,..,..,..,..,..,..,..,..,..,..,..,..,..,..,..,..,..,..,..,..,17.7542527353385,..,..,..,..,..,..,..,..,..,..,..,..,..,..,..,..,..,..,..,..,..,..
Haiti,HTI,Agricultural irrigated land (% of total agricultural land),AG.LND.IRIG.AG.ZS,..,..,..,..,..,..,..,..,..,..,..,..,..,..,..,..,..,..,..,..,..,..,..,..,..,..,..,..,..,..,..,..,..,..,..,..,..,..,..,..,..,..,..,..,..,..,..,..,..,5.34043923736325,..,..,..,3.86847195357834,..,..,..,..,..,..,..,..,..,..,..,..
Honduras,HND,Agricultural irrigated land (% of total agricultural land),AG.LND.IRIG.AG.ZS,..,..,..,..,..,..,..,..,..,..,..,..,..,..,..,..,..,..,..,..,..,..,..,..,..,..,..,..,..,..,..,..,..,..,..,..,..,..,..,..,..,..,..,..,..,2.59142857142857,..,..,..,..,..,..,..,..,..,..,..,..,..,..,..,..,..,..,..,..
"Hong Kong SAR, China",HKG,Agricultural irrigated land (% of total agricultural land),AG.LND.IRIG.AG.ZS,..,..,..,..,..,..,..,..,..,..,..,..,..,..,..,..,..,..,..,..,..,..,..,..,..,..,..,..,..,..,..,..,..,..,..,..,..,..,..,..,..,..,..,..,..,..,..,..,..,..,..,..,..,..,..,..,..,..,..,..,..,..,..,..,..,..
Hungary,HUN,Agricultural irrigated land (% of total agricultural land),AG.LND.IRIG.AG.ZS,..,..,..,..,..,..,..,..,..,..,..,..,..,..,..,..,..,..,..,..,..,..,..,..,..,..,..,..,..,..,..,..,..,..,..,..,..,..,..,..,..,..,..,2.54049445865303,2.0450204638472,1.28091420774348,1.34136684455156,2.08179783020493,1.38238341968912,1.84610063980633,0.840351862249673,1.89432265317594,2.33795428999625,2.25984401750048,1.88677811550152,2.36132218844985,1.84967815221507,1.91212521214407,1.82871978851964,1.91544145509663,2.27491250891914,2.19097586635305,2.6226494342409,2.34471614067628,..,..
Iceland,ISL,Agricultural irrigated land (% of total agricultural land),AG.LND.IRIG.AG.ZS,..,..,..,..,..,..,..,..,..,..,..,..,..,..,..,..,..,..,..,..,..,..,..,..,..,..,..,..,..,..,..,..,..,..,..,..,..,..,..,..,..,..,..,..,..,..,..,..,..,..,..,..,..,..,..,..,..,..,0.00267094017094017,0.00267094017094017,0.00267094017094017,0.00267094017094017,0.00267094017094017,0.00305250305250305,..,..
Indonesia,IDN,Agricultural irrigated land (% of total agricultural land),AG.LND.IRIG.AG.ZS,..,..,..,..,..,..,..,..,..,..,..,..,..,..,..,..,..,..,..,..,..,..,..,..,..,..,..,..,..,..,..,..,..,..,..,..,..,..,..,..,..,..,..,..,..,..,..,..,..,..,..,..,..,..,..,..,..,..,..,..,..,..,..,..,..,..
"Iran, Islamic Rep.",IRN,Agricultural irrigated land (% of total agricultural land),AG.LND.IRIG.AG.ZS,..,..,..,..,..,..,..,..,..,..,..,..,..,..,..,..,..,..,..,..,..,..,..,..,..,..,..,..,..,..,..,..,..,..,..,..,..,..,..,..,..,..,..,..,..,..,..,..,17.4702795330406,16.9801782967986,16.9013781870845,16.8220793833499,16.7422771365183,16.7145406275841,16.5804935370153,16.5804935370153,16.5796231013622,..,16.9924331237344,16.9660338809909,16.9516033001616,16.937557099454,16.937557099454,16.937557099454,..,..
Iraq,IRQ,Agricultural irrigated land (% of total agricultural land),AG.LND.IRIG.AG.ZS,..,..,..,..,..,..,..,..,..,..,..,..,..,..,..,..,..,..,..,..,..,..,..,..,..,..,..,..,..,..,..,..,..,..,..,..,..,..,..,..,..,..,..,..,..,..,..,..,..,..,..,..,..,..,..,..,..,..,..,..,..,..,..,..,..,..
Ireland,IRL,Agricultural irrigated land (% of total agricultural land),AG.LND.IRIG.AG.ZS,..,..,..,..,..,..,..,..,..,..,..,..,..,..,..,..,..,..,..,..,..,..,..,..,..,..,..,..,..,..,..,..,..,..,..,..,..,..,..,..,..,..,..,..,..,..,..,..,..,..,..,..,..,..,..,..,..,..,..,..,..,..,..,..,..,..
Isle of Man,IMN,Agricultural irrigated land (% of total agricultural land),AG.LND.IRIG.AG.ZS,..,..,..,..,..,..,..,..,..,..,..,..,..,..,..,..,..,..,..,..,..,..,..,..,..,..,..,..,..,..,..,..,..,..,..,..,..,..,..,..,..,..,..,..,..,..,..,..,..,..,..,..,..,..,..,..,..,..,..,..,..,..,..,..,..,..
Israel,ISR,Agricultural irrigated land (% of total agricultural land),AG.LND.IRIG.AG.ZS,..,..,..,..,..,..,..,..,..,..,..,..,..,..,..,..,..,..,..,..,..,..,..,..,..,..,..,..,..,..,..,..,..,..,..,..,..,..,..,..,..,31.5508021390374,30.9058614564831,..,..,..,35.6721698113208,30.0135109052306,..,28.3773440489858,32.5867195242815,..,..,31.8854507015184,38.4787055979171,38.73384528938,55.4347826086957,37.2049689440994,34.0714174333385,33.5996240601504,39.8486526393503,37.3654916512059,36.0456416011972,36.1058319359046,..,..
Italy,ITA,Agricultural irrigated land (% of total agricultural land),AG.LND.IRIG.AG.ZS,..,..,..,..,..,..,..,..,..,..,..,..,..,..,..,..,..,..,..,..,..,..,..,..,..,..,..,..,..,..,..,..,..,..,..,..,..,..,..,..,..,15.9398787253258,..,18.3336687462266,..,17.7320846905537,..,18.8250247140234,..,..,16.8274264018202,..,..,19.0829053558327,..,..,19.926631283172,..,..,..,20.6256884881977,19.7209861018729,..,..,..,..
Jamaica,JAM,Agricultural irrigated land (% of total agricultural land),AG.LND.IRIG.AG.ZS,..,..,..,..,..,..,..,..,..,..,..,..,..,..,..,..,..,..,..,..,..,..,..,..,..,..,..,..,..,..,..,..,..,..,..,..,..,..,..,..,..,..,..,..,..,..,..,..,..,..,7.28696890576786,..,..,..,..,..,..,..,..,..,..,..,..,..,..,..
Japan,JPN,Agricultural irrigated land (% of total agricultural land),AG.LND.IRIG.AG.ZS,..,..,..,..,..,..,..,..,..,..,..,..,..,..,..,..,..,..,..,..,..,..,..,..,..,..,..,..,..,..,..,..,..,..,..,..,..,..,..,..,..,32.6107807404566,32.5217391304348,32.295719844358,33.2093933463796,33.503937007874,33.3240986266672,33.2020370812445,32.4851976316211,32.5855345153379,32.8083989501312,31.9983736531815,32.1916411824669,32.6451349141455,32.299794661191,..,..,..,..,..,..,..,..,..,..,..
Jordan,JOR,Agricultural irrigated land (% of total agricultural land),AG.LND.IRIG.AG.ZS,..,..,..,..,..,..,..,..,..,..,..,..,..,..,..,..,..,..,..,..,..,..,..,..,..,..,..,..,..,..,..,..,..,..,..,..,..,..,..,..,..,7.14285714285714,7.31707317073171,7.06467661691542,7.32883317261331,7.89733464955577,8.25147347740668,7.47430706944877,9.54241645244216,9.24878048780488,9.61787887857927,9.60502692998205,9.15877117427505,9.78610637895135,9.86842105263158,9.79835274069866,10.0003752486022,8.58987090367428,8.25993345077315,7.72407139411481,8.09718172983479,8.75855327468231,8.38926174496644,9.0625,..,..
Kazakhstan,KAZ,Agricultural irrigated land (% of total agricultural land),AG.LND.IRIG.AG.ZS,..,..,..,..,..,..,..,..,..,..,..,..,..,..,..,..,..,..,..,..,..,..,..,..,..,..,..,..,..,..,..,..,..,..,..,..,..,..,..,..,..,..,..,..,..,..,..,..,..,..,0.582514972706986,..,..,..,0.785011397633019,0.79635734258394,0.809324363757104,0.821132055924301,0.817687414279373,0.83159519624553,0.830916015562981,0.830464232025938,0.830464232025938,0.830464232025938,..,..
Kenya,KEN,Agricultural irrigated land (% of total agricultural land),AG.LND.IRIG.AG.ZS,..,..,..,..,..,..,..,..,..,..,..,..,..,..,..,..,..,..,..,..,..,..,..,..,..,..,..,..,..,..,..,..,..,..,..,..,..,..,..,..,..,..,..,..,..,..,..,..,..,..,..,..,..,..,..,..,..,..,..,..,..,..,..,0.964591098240982,..,..
Kiribati,KIR,Agricultural irrigated land (% of total agricultural land),AG.LND.IRIG.AG.ZS,..,..,..,..,..,..,..,..,..,..,..,..,..,..,..,..,..,..,..,..,..,..,..,..,..,..,..,..,..,..,..,..,..,..,..,..,..,..,..,..,..,..,..,..,..,..,..,..,..,..,..,..,..,..,..,..,..,..,..,..,..,..,..,..,..,..
"Korea, Dem. People's Rep.",PRK,Agricultural irrigated land (% of total agricultural land),AG.LND.IRIG.AG.ZS,..,..,..,..,..,..,..,..,..,..,..,..,..,..,..,..,..,..,..,..,..,..,..,..,..,..,..,..,..,..,..,..,..,..,..,..,..,..,..,..,..,..,..,..,..,..,..,..,..,..,..,..,..,..,..,..,..,..,..,..,..,..,..,..,..,..
"Korea, Rep.",KOR,Agricultural irrigated land (% of total agricultural land),AG.LND.IRIG.AG.ZS,..,..,..,..,..,..,..,..,..,..,..,..,..,..,..,..,..,..,..,..,..,..,..,..,..,..,..,..,..,..,..,..,..,..,..,..,..,..,..,..,..,..,..,..,..,..,..,..,..,..,..,..,..,..,..,..,..,..,..,..,..,..,..,..,..,..
Kosovo,XKX,Agricultural irrigated land (% of total agricultural land),AG.LND.IRIG.AG.ZS,..,..,..,..,..,..,..,..,..,..,..,..,..,..,..,..,..,..,..,..,..,..,..,..,..,..,..,..,..,..,..,..,..,..,..,..,..,..,..,..,..,..,..,..,..,..,..,..,..,..,..,..,..,..,..,..,..,..,..,..,..,..,..,..,..,..
Kuwait,KWT,Agricultural irrigated land (% of total agricultural land),AG.LND.IRIG.AG.ZS,..,..,..,..,..,..,..,..,..,..,..,..,..,..,..,..,..,..,..,..,..,..,..,..,..,..,..,..,..,..,..,..,..,..,..,..,..,..,..,..,..,..,..,..,..,..,..,..,..,..,..,..,..,..,..,..,..,..,..,..,..,..,..,..,..,..
Kyrgyz Republic,KGZ,Agricultural irrigated land (% of total agricultural land),AG.LND.IRIG.AG.ZS,..,..,..,..,..,..,..,..,..,..,..,..,..,..,..,..,..,..,..,..,..,..,..,..,..,..,..,..,..,..,..,..,..,..,..,..,..,..,..,..,..,9.53043801039347,9.53043801039347,9.47416974169742,9.49860724233983,9.31596091205212,9.30845859231579,9.31342393229312,9.30531732418525,9.39504393772428,9.40453641666431,9.42263279445728,9.43982325115897,9.50012788087186,9.50166238834528,9.50341979121275,9.5208279970781,9.52362880807583,9.68006325452231,9.68519733034991,9.68672235189722,9.68831093661068,9.47492085360157,9.69316653479867,..,..
Lao PDR,LAO,Agricultural irrigated land (% of total agricultural land),AG.LND.IRIG.AG.ZS,..,..,..,..,..,..,..,..,..,..,..,..,..,..,..,..,..,..,..,..,..,..,..,..,..,..,..,..,..,..,..,..,..,..,..,..,..,..,..,..,..,..,15.9168443496802,..,..,..,..,13.1221522055259,..,..,..,11.7127669159384,11.8696990499812,12.1243169398907,11.4359919571046,..,..,18.6048482793694,18.898827485128,19.487825356843,19.9732777752616,19.9506876583424,19.5145588105142,19.2807799930045,..,..
Latvia,LVA,Agricultural irrigated land (% of total agricultural land),AG.LND.IRIG.AG.ZS,..,..,..,..,..,..,..,..,..,..,..,..,..,..,..,..,..,..,..,..,..,..,..,..,..,..,..,..,..,..,..,..,..,..,..,..,..,..,..,..,..,..,..,..,..,..,..,0.0337139749864057,..,..,0.0393351800554017,..,..,0.0218433670751199,..,..,0.0310719834282755,..,..,..,..,..,..,..,..,..
Lebanon,LBN,Agricultural irrigated land (% of total agricultural land),AG.LND.IRIG.AG.ZS,..,..,..,..,..,..,..,..,..,..,..,..,..,..,..,..,..,..,..,..,..,..,..,..,..,..,..,..,..,..,..,..,..,..,..,..,..,..,..,..,..,..,..,..,..,..,..,..,..,..,..,..,..,..,..,..,..,..,..,..,..,..,..,..,..,..
Lesotho,LSO,Agricultural irrigated land (% of total agricultural land),AG.LND.IRIG.AG.ZS,..,..,..,..,..,..,..,..,..,..,..,..,..,..,..,..,..,..,..,..,..,..,..,..,..,..,..,..,..,..,..,..,..,..,..,..,..,..,..,..,..,..,..,..,..,..,..,..,0.0338696020321761,0.0342026507054297,0.0343938091143594,0.0389273356401384,0.048133724237518,0.0532836019714933,..,..,..,..,..,..,..,..,..,..,..,..
Liberia,LBR,Agricultural irrigated land (% of total agricultural land),AG.LND.IRIG.AG.ZS,..,..,..,..,..,..,..,..,..,..,..,..,..,..,..,..,..,..,..,..,..,..,..,..,..,..,..,..,..,..,..,..,..,..,..,..,..,..,..,..,..,..,..,..,..,..,..,..,..,..,..,..,..,..,..,..,..,..,..,..,..,..,..,..,..,..
Libya,LBY,Agricultural irrigated land (% of total agricultural land),AG.LND.IRIG.AG.ZS,..,..,..,..,..,..,..,..,..,..,..,..,..,..,..,..,..,..,..,..,..,..,..,..,..,..,..,..,..,..,..,..,..,..,..,..,..,..,..,..,..,..,..,..,..,..,..,..,..,..,..,..,..,..,..,..,..,..,..,..,..,..,..,..,..,..
Liechtenstein,LIE,Agricultural irrigated land (% of total agricultural land),AG.LND.IRIG.AG.ZS,..,..,..,..,..,..,..,..,..,..,..,..,..,..,..,..,..,..,..,..,..,..,..,..,..,..,..,..,..,..,..,..,..,..,..,..,..,..,..,..,..,..,..,..,..,..,..,..,..,..,..,..,..,..,..,..,..,..,..,..,..,..,..,..,..,..
Lithuania,LTU,Agricultural irrigated land (% of total agricultural land),AG.LND.IRIG.AG.ZS,..,..,..,..,..,..,..,..,..,..,..,..,..,..,..,..,..,..,..,..,..,..,..,..,..,..,..,..,..,..,..,..,..,..,..,..,..,..,..,..,..,..,..,..,..,0.00810715544589355,..,0.0370933639971809,0.047902398862318,0.0483451097062105,0.0541066984092631,..,..,0.0553365151829564,..,..,0.0710924540438065,..,..,..,0.207183634633682,..,..,..,..,..
Luxembourg,LUX,Agricultural irrigated land (% of total agricultural land),AG.LND.IRIG.AG.ZS,..,..,..,..,..,..,..,..,..,..,..,..,..,..,..,..,..,..,..,..,..,..,..,..,..,..,..,..,..,..,..,..,..,..,..,..,..,..,..,..,..,..,..,..,..,..,..,..,..,..,..,..,..,..,..,..,..,..,..,..,..,..,..,0.275567639261283,..,..
"Macao SAR, China",MAC,Agricultural irrigated land (% of total agricultural land),AG.LND.IRIG.AG.ZS,..,..,..,..,..,..,..,..,..,..,..,..,..,..,..,..,..,..,..,..,..,..,..,..,..,..,..,..,..,..,..,..,..,..,..,..,..,..,..,..,..,..,..,..,..,..,..,..,..,..,..,..,..,..,..,..,..,..,..,..,..,..,..,..,..,..
Madagascar,MDG,Agricultural irrigated land (% of total agricultural land),AG.LND.IRIG.AG.ZS,..,..,..,..,..,..,..,..,..,..,..,..,..,..,..,..,..,..,..,..,..,..,..,..,..,..,..,..,..,..,..,..,..,..,..,..,..,..,..,..,..,2.17907597385109,2.17907597385109,2.17907597385109,2.17907597385109,2.17641161078913,2.17641161078913,2.17641161078913,..,..,..,..,..,..,..,..,..,..,..,..,..,..,..,..,..,..
Malawi,MWI,Agricultural irrigated land (% of total agricultural land),AG.LND.IRIG.AG.ZS,..,..,..,..,..,..,..,..,..,..,..,..,..,..,..,..,..,..,..,..,..,..,..,..,..,..,..,..,..,..,..,..,..,..,..,..,..,..,..,..,..,0.62111801242236,0.579710144927536,0.742971887550201,0.582329317269076,..,..,..,..,..,..,..,..,..,..,..,..,..,..,..,..,..,..,..,..,..
Malaysia,MYS,Agricultural irrigated land (% of total agricultural land),AG.LND.IRIG.AG.ZS,..,..,..,..,..,..,..,..,..,..,..,..,..,..,..,..,..,..,..,..,..,..,..,..,..,..,..,..,..,..,..,..,..,..,..,..,..,..,..,..,..,..,..,..,..,..,..,..,..,..,..,..,..,5.5091633268398,5.47657312399555,5.15754430878988,5.15692451289231,5.15692451289231,5.15692451289231,5.15692451289231,5.15692451289231,5.15692451289231,5.15692451289231,5.15692451289231,..,..
Maldives,MDV,Agricultural irrigated land (% of total agricultural land),AG.LND.IRIG.AG.ZS,..,..,..,..,..,..,..,..,..,..,..,..,..,..,..,..,..,..,..,..,..,..,..,..,..,..,..,..,..,..,..,..,..,..,..,..,..,..,..,..,..,..,..,..,..,..,..,..,..,..,..,..,..,..,..,..,..,..,..,..,..,..,..,..,..,..
Mali,MLI,Agricultural irrigated land (% of total agricultural land),AG.LND.IRIG.AG.ZS,..,..,..,..,..,..,..,..,..,..,..,..,..,..,..,..,..,..,..,..,..,..,..,..,..,..,..,..,..,..,..,..,..,..,..,..,..,..,..,..,..,..,..,..,..,..,..,..,..,..,..,..,..,..,..,..,..,..,..,..,..,..,..,..,..,..
Malta,MLT,Agricultural irrigated land (% of total agricultural land),AG.LND.IRIG.AG.ZS,..,..,..,..,..,..,..,..,..,..,..,..,..,..,..,..,..,..,..,..,..,..,..,..,..,..,..,..,..,..,..,..,..,..,..,..,..,..,..,..,..,..,..,20.1923076923077,..,25.8064516129032,..,30.1075268817204,30.1075268817204,30.1075268817204,33.8818973862536,33.8818973862536,33.9805825242718,36.1681329423265,36.1681329423265,36.1681329423265,33.718689788054,33.718689788054,33.718689788054,33.718689788054,42.7113062568606,44.4685714285714,44.4685714285714,33.8680496924376,..,..
Marshall Islands,MHL,Agricultural irrigated land (% of total agricultural land),AG.LND.IRIG.AG.ZS,..,..,..,..,..,..,..,..,..,..,..,..,..,..,..,..,..,..,..,..,..,..,..,..,..,..,..,..,..,..,..,..,..,..,..,..,..,..,..,..,..,..,..,..,..,..,..,..,..,..,..,..,..,..,..,..,..,..,..,..,..,..,..,..,..,..
Mauritania,MRT,Agricultural irrigated land (% of total agricultural land),AG.LND.IRIG.AG.ZS,..,..,..,..,..,..,..,..,..,..,..,..,..,..,..,..,..,..,..,..,..,..,..,..,..,..,..,..,..,..,..,..,..,..,..,..,..,..,..,..,..,..,..,..,0.0575169982372198,..,..,..,..,..,..,..,..,..,..,..,..,..,..,..,..,..,..,..,..,..
Mauritius,MUS,Agricultural irrigated land (% of total agricultural land),AG.LND.IRIG.AG.ZS,..,..,..,..,..,..,..,..,..,..,..,..,..,..,..,..,..,..,..,..,..,..,..,..,..,..,..,..,..,..,..,..,..,..,..,..,..,..,..,..,..,..,21,22.2222222222222,21.4285714285714,21.875,22.3404255319149,22.8260869565217,23.0769230769231,23.0769230769231,21.978021978022,22.4719101123595,21.8390804597701,22.093023255814,19.7674418604651,19.3023255813953,19.5348837209302,19.1860465116279,20.2325581395349,18.1395348837209,18.3720930232558,17.7906976744186,16.6279069767442,15.7054540970295,..,..
Mexico,MEX,Agricultural irrigated land (% of total agricultural land),AG.LND.IRIG.AG.ZS,..,..,..,..,..,..,..,..,..,..,..,..,..,..,..,..,..,..,..,..,..,..,..,..,..,..,..,..,..,..,..,..,..,..,..,..,..,..,..,..,..,..,..,1.90708587517597,1.95270714084639,5.05489349723187,5.06709205217228,4.97750702905342,5.43079676841952,5.4790518299215,5.80903081320538,6.38459564556562,5.69185768863419,5.82393502603381,5.94341151213189,..,..,..,..,6.28056520924812,6.32398985750658,6.24613726871408,6.31212933494356,6.5807224250307,..,..
"Micronesia, Fed. Sts.",FSM,Agricultural irrigated land (% of total agricultural land),AG.LND.IRIG.AG.ZS,..,..,..,..,..,..,..,..,..,..,..,..,..,..,..,..,..,..,..,..,..,..,..,..,..,..,..,..,..,..,..,..,..,..,..,..,..,..,..,..,..,..,..,..,..,..,..,..,..,..,..,..,..,..,..,..,..,..,..,..,..,..,..,..,..,..
Moldova,MDA,Agricultural irrigated land (% of total agricultural land),AG.LND.IRIG.AG.ZS,..,..,..,..,..,..,..,..,..,..,..,..,..,..,..,..,..,..,..,..,..,..,..,..,..,..,..,..,..,..,..,..,..,..,..,..,..,..,..,..,..,..,..,..,..,..,..,..,..,..,..,..,..,..,9.84449244060475,9.83175150992235,9.83217567625868,9.83472144305873,9.84449071817819,9.81605942695437,8.72202662781757,8.66747671121912,8.72210953346856,8.72950819672131,..,..
Monaco,MCO,Agricultural irrigated land (% of total agricultural land),AG.LND.IRIG.AG.ZS,..,..,..,..,..,..,..,..,..,..,..,..,..,..,..,..,..,..,..,..,..,..,..,..,..,..,..,..,..,..,..,..,..,..,..,..,..,..,..,..,..,..,..,..,..,..,..,..,..,..,..,..,..,..,..,..,..,..,..,..,..,..,..,..,..,..
Mongolia,MNG,Agricultural irrigated land (% of total agricultural land),AG.LND.IRIG.AG.ZS,..,..,..,..,..,..,..,..,..,..,..,..,..,..,..,..,..,..,..,..,..,..,..,..,..,..,..,..,..,..,..,..,..,..,..,..,..,..,..,..,..,..,..,..,..,..,..,..,..,..,..,..,..,..,..,0.0397661853873169,0.0314369070521612,0.0317272332204578,0.032177585006127,0.041800367454393,0.0535198803316101,0.0395838555492778,0.0714285714285714,0.0472112220514459,..,..
Montenegro,MNE,Agricultural irrigated land (% of total agricultural land),AG.LND.IRIG.AG.ZS,..,..,..,..,..,..,..,..,..,..,..,..,..,..,..,..,..,..,..,..,..,..,..,..,..,..,..,..,..,..,..,..,..,..,..,..,..,..,..,..,..,..,..,..,..,..,..,..,..,..,..,..,..,..,..,..,..,..,..,..,..,..,..,..,..,..
Morocco,MAR,Agricultural irrigated land (% of total agricultural land),AG.LND.IRIG.AG.ZS,..,..,..,..,..,..,..,..,..,..,..,..,..,..,..,..,..,..,..,..,..,..,..,..,..,..,..,..,..,..,..,..,..,..,..,..,..,..,..,..,..,..,..,..,4.29746013781166,4.3049118009937,3.87998397114807,4.08611481975968,4.39278209532704,4.5679374454214,4.54810709510042,4.6057308379673,4.74841298556064,4.90704593755109,5.17902434970498,5.37537857356808,5.41635627530364,5.7091693046894,5.58609306816299,5.95875166026963,..,..,..,..,..,..
Mozambique,MOZ,Agricultural irrigated land (% of total agricultural land),AG.LND.IRIG.AG.ZS,..,..,..,..,..,..,..,..,..,..,..,..,..,..,..,..,..,..,..,..,..,..,..,..,..,..,..,..,..,..,..,..,..,..,..,..,..,..,..,..,..,0.106340094096383,..,..,..,..,..,..,..,..,..,..,..,..,..,..,..,..,..,..,..,..,..,..,..,..
Myanmar,MMR,Agricultural irrigated land (% of total agricultural land),AG.LND.IRIG.AG.ZS,..,..,..,..,..,..,..,..,..,..,..,..,..,..,..,..,..,..,..,..,..,..,..,..,..,..,..,..,..,..,..,..,..,..,..,..,..,..,..,..,..,..,..,..,..,..,..,..,..,..,..,..,..,..,..,..,11.0100235109718,12.4793160507446,12.6307253295388,12.7432701049355,13.2049306625578,..,..,..,..,..
Namibia,NAM,Agricultural irrigated land (% of total agricultural land),AG.LND.IRIG.AG.ZS,..,..,..,..,..,..,..,..,..,..,..,..,..,..,..,..,..,..,..,..,..,..,..,..,..,..,..,..,..,..,..,..,..,..,..,..,..,..,..,..,..,..,..,..,..,..,..,..,..,..,..,..,..,..,..,..,..,..,..,..,..,..,..,..,..,..
Nauru,NRU,Agricultural irrigated land (% of total agricultural land),AG.LND.IRIG.AG.ZS,..,..,..,..,..,..,..,..,..,..,..,..,..,..,..,..,..,..,..,..,..,..,..,..,..,..,..,..,..,..,..,..,..,..,..,..,..,..,..,..,..,..,..,..,..,..,..,..,..,..,..,..,..,..,..,..,..,..,..,..,..,..,..,..,..,..
Nepal,NPL,Agricultural irrigated land (% of total agricultural land),AG.LND.IRIG.AG.ZS,..,..,..,..,..,..,..,..,..,..,..,..,..,..,..,..,..,..,..,..,..,..,..,..,..,..,..,..,..,..,..,..,..,..,..,..,..,..,..,..,..,..,..,..,..,..,24.6356033452808,25.4200672107537,25.8670520231214,26.4009661835749,29.738245273873,..,..,..,..,..,..,..,..,..,..,..,32.287354787021,32.2908041986058,..,..
Netherlands,NLD,Agricultural irrigated land (% of total agricultural land),AG.LND.IRIG.AG.ZS,..,..,..,..,..,..,..,..,..,..,..,..,..,..,..,..,..,..,..,..,..,..,..,..,..,..,..,..,..,..,..,..,..,..,..,..,..,..,..,..,..,..,..,..,..,4.79950456727048,..,10.5516088591726,..,..,7.31720343961972,..,..,5.50985061701667,..,..,11.0743801652893,..,13.9989029072957,16.3419198590929,..,..,..,21.5751525235718,..,..
New Caledonia,NCL,Agricultural irrigated land (% of total agricultural land),AG.LND.IRIG.AG.ZS,..,..,..,..,..,..,..,..,..,..,..,..,..,..,..,..,..,..,..,..,..,..,..,..,..,..,..,..,..,..,..,..,..,..,..,..,..,..,..,..,..,..,..,..,..,..,..,..,..,..,..,..,..,..,..,..,..,..,..,..,..,..,..,..,..,..
New Zealand,NZL,Agricultural irrigated land (% of total agricultural land),AG.LND.IRIG.AG.ZS,..,..,..,..,..,..,..,..,..,..,..,..,..,..,..,..,..,..,..,..,..,..,..,..,..,..,..,..,..,..,..,..,..,..,..,..,..,..,..,..,..,..,3.1935053415743,..,..,..,..,4.43109602158962,..,..,..,..,..,..,6.29722921914358,..,..,..,..,..,..,..,..,..,..,..
Nicaragua,NIC,Agricultural irrigated land (% of total agricultural land),AG.LND.IRIG.AG.ZS,..,..,..,..,..,..,..,..,..,..,..,..,..,..,..,..,..,..,..,..,..,..,..,..,..,..,..,..,..,..,..,..,..,..,..,..,..,..,..,..,..,..,..,..,..,..,..,..,..,..,..,..,..,..,..,..,..,..,..,..,..,..,..,..,..,..
Niger,NER,Agricultural irrigated land (% of total agricultural land),AG.LND.IRIG.AG.ZS,..,..,..,..,..,..,..,..,..,..,..,..,..,..,..,..,..,..,..,..,..,..,..,..,..,..,..,..,..,..,..,..,..,..,..,..,..,..,..,..,..,..,0.172105263157895,..,..,..,..,0.170161253483167,..,0.196884564432872,..,..,0.196217230137109,..,..,..,..,0.340879922738491,0.392463139821869,0.443256143363022,0.572131671734871,0.577494983744112,0.618213656486928,0.618221616575641,..,..
Nigeria,NGA,Agricultural irrigated land (% of total agricultural land),AG.LND.IRIG.AG.ZS,..,..,..,..,..,..,..,..,..,..,..,..,..,..,..,..,..,..,..,..,..,..,..,..,..,..,..,..,..,..,..,..,..,..,..,..,..,..,..,..,..,..,0.335054505971506,..,..,..,..,0.329741508412808,..,..,..,..,0.325720967358046,..,..,..,..,0.32317113096099,..,..,..,..,..,..,..,..
North Macedonia,MKD,Agricultural irrigated land (% of total agricultural land),AG.LND.IRIG.AG.ZS,..,..,..,..,..,..,..,..,..,..,..,..,..,..,..,..,..,..,..,..,..,..,..,..,..,..,..,..,..,..,..,..,..,..,..,..,..,..,..,..,..,..,..,..,..,..,..,7.39776951672862,..,..,..,..,..,5.84126984126984,..,..,6.67462450592885,..,..,..,..,..,..,..,..,..
Northern Mariana Islands,MNP,Agricultural irrigated land (% of total agricultural land),AG.LND.IRIG.AG.ZS,..,..,..,..,..,..,..,..,..,..,..,..,..,..,..,..,..,..,..,..,..,..,..,..,..,..,..,..,..,..,..,..,..,..,..,..,..,..,..,..,..,..,..,..,..,..,..,..,..,..,..,..,..,..,..,..,..,..,..,..,..,..,..,..,..,..
Norway,NOR,Agricultural irrigated land (% of total agricultural land),AG.LND.IRIG.AG.ZS,..,..,..,..,..,..,..,..,..,..,..,..,..,..,..,..,..,..,..,..,..,..,..,..,..,..,..,..,..,..,..,..,..,..,..,..,..,..,..,..,..,..,..,..,4.23076923076923,4.15057915057915,5.41062801932367,5.32945736434108,..,..,4.33442688139974,..,1.98025785656728,1.97033296499757,..,..,3.42597703883757,..,..,..,..,..,..,..,..,..
Oman,OMN,Agricultural irrigated land (% of total agricultural land),AG.LND.IRIG.AG.ZS,..,..,..,..,..,..,..,..,..,..,..,..,..,..,..,..,..,..,..,..,..,..,..,..,..,..,..,..,..,..,..,..,..,..,..,..,..,..,..,..,..,..,..,..,..,..,..,..,..,..,..,..,..,4.77773864036633,4.84293562473588,5.77196652719665,5.88718662952646,6.95558680009925,6.49809101440136,6.43640027692287,7.34099648372437,7.3044972787167,7.3044972787167,7.27715002072391,..,..
Pakistan,PAK,Agricultural irrigated land (% of total agricultural land),AG.LND.IRIG.AG.ZS,..,..,..,..,..,..,..,..,..,..,..,..,..,..,..,..,..,..,..,..,..,..,..,..,..,..,..,..,..,..,..,..,..,..,..,..,..,..,..,..,..,48.1986368062317,48.9100965188157,49.4544270126486,52.1015397419892,52.773529820659,52.9403625294036,53.0364035209508,54.6257752102625,55.0500325991439,55.728959763918,51.9534728406055,51.4654909463994,49.4487320837927,51.2799293832064,51.7374730677863,50.5544382236234,49.239250871551,50.4153925256407,50.5320615316756,52.7363455403158,54.0623091020159,54.0239797479623,54.1741908598416,..,..
Palau,PLW,Agricultural irrigated land (% of total agricultural land),AG.LND.IRIG.AG.ZS,..,..,..,..,..,..,..,..,..,..,..,..,..,..,..,..,..,..,..,..,..,..,..,..,..,..,..,..,..,..,..,..,..,..,..,..,..,..,..,..,..,..,..,..,..,..,..,..,..,..,..,..,..,..,..,..,..,..,..,..,..,..,..,..,..,..
Panama,PAN,Agricultural irrigated land (% of total agricultural land),AG.LND.IRIG.AG.ZS,..,..,..,..,..,..,..,..,..,..,..,..,..,..,..,..,..,..,..,..,..,..,..,..,..,..,..,..,..,..,..,..,..,..,..,..,..,..,..,..,..,..,..,..,..,..,..,1.43382023478806,1.43549255338238,1.43394873633268,1.20014648846845,0.892620415377817,0.93652907234798,1.10566205974142,..,..,..,..,..,2.03060009161704,1.87507474357205,1.89569049142811,1.80844957814457,1.80130633979648,..,..
Papua New Guinea,PNG,Agricultural irrigated land (% of total agricultural land),AG.LND.IRIG.AG.ZS,..,..,..,..,..,..,..,..,..,..,..,..,..,..,..,..,..,..,..,..,..,..,..,..,..,..,..,..,..,..,..,..,..,..,..,..,..,..,..,..,..,..,..,..,..,..,..,..,..,..,..,..,..,..,..,..,..,..,..,..,..,..,..,..,..,..
Paraguay,PRY,Agricultural irrigated land (% of total agricultural land),AG.LND.IRIG.AG.ZS,..,..,..,..,..,..,..,..,..,..,..,..,..,..,..,..,..,..,..,..,..,..,..,..,..,..,..,..,..,..,..,..,..,..,..,..,..,..,..,..,..,..,..,..,..,..,..,..,..,..,..,..,..,..,..,..,..,..,..,..,..,..,0.483184766882905,0.483184766882905,..,..
Peru,PER,Agricultural irrigated land (% of total agricultural land),AG.LND.IRIG.AG.ZS,..,..,..,..,..,..,..,..,..,..,..,..,..,..,..,..,..,..,..,..,..,..,..,..,..,..,..,..,..,..,..,..,..,..,..,..,..,..,..,..,..,..,..,..,..,..,..,..,..,..,..,..,..,..,..,..,..,..,..,..,..,..,..,..,..,..
Philippines,PHL,Agricultural irrigated land (% of total agricultural land),AG.LND.IRIG.AG.ZS,..,..,..,..,..,..,..,..,..,..,..,..,..,..,..,..,..,..,..,..,..,..,..,..,..,..,..,..,..,..,..,..,..,..,..,..,..,..,..,..,..,..,..,..,..,..,8.33333333333333,8.2273112807464,9.06744379683597,9.39669421487603,9.10743801652893,9.26590538336052,..,..,..,..,..,..,..,..,..,..,..,..,..,..
Poland,POL,Agricultural irrigated land (% of total agricultural land),AG.LND.IRIG.AG.ZS,..,..,..,..,..,..,..,..,..,..,..,..,..,..,..,..,..,..,..,..,..,..,..,..,..,..,..,..,..,..,..,..,..,..,..,..,..,..,..,..,..,..,..,..,..,0.446372438073683,..,0.465447023078415,..,..,0.318361132258288,..,..,0.527411519777932,..,..,0.923194657019619,..,..,..,..,..,..,0.871056241426612,..,..
Portugal,PRT,Agricultural irrigated land (% of total agricultural land),AG.LND.IRIG.AG.ZS,..,..,..,..,..,..,..,..,..,..,..,..,..,..,..,..,..,..,..,..,..,..,..,..,..,..,..,..,..,..,..,..,..,..,..,..,..,..,..,..,..,..,..,..,..,11.8727264644119,..,15.9440796302569,..,..,12.7525539315358,..,..,12.9637134905839,..,..,13.0990900876754,13.7416151085177,14.3307589596513,14.333058137529,14.4403614172033,14.5316572173883,14.8112606455884,14.7443285129569,..,..
Puerto Rico (US),PRI,Agricultural irrigated land (% of total agricultural land),AG.LND.IRIG.AG.ZS,..,..,..,..,..,..,..,..,..,..,..,..,..,..,..,..,..,..,..,..,..,..,..,..,..,..,..,..,..,..,..,..,..,..,..,..,..,..,..,..,..,..,7.65765765765766,7.88497217068646,..,..,..,8.34920634920635,..,..,..,..,10.6707317073171,..,..,..,..,..,..,..,..,..,..,..,..,..
Qatar,QAT,Agricultural irrigated land (% of total agricultural land),AG.LND.IRIG.AG.ZS,..,..,..,..,..,..,..,..,..,..,..,..,..,..,..,..,..,..,..,..,..,..,..,..,..,..,..,..,..,..,..,..,..,..,..,..,..,..,..,..,..,..,..,..,..,..,..,..,..,..,19.0895741556535,16.8604651162791,..,..,..,15.4929577464789,15.4929577464789,15.2777777777778,14.8648648648649,16.2162162162162,17.5675675675676,17.5675675675676,17.5675675675676,17.5675675675676,..,..
Romania,ROU,Agricultural irrigated land (% of total agricultural land),AG.LND.IRIG.AG.ZS,..,..,..,..,..,..,..,..,..,..,..,..,..,..,..,..,..,..,..,..,..,..,..,..,..,..,..,..,..,..,..,..,..,..,..,..,..,..,..,..,..,2.2097580754156,3.29329194223242,3.84459459459459,2.31422505307856,0.324400564174894,0.687370895362918,2.34776228906823,1.8849933988558,2.17311504294839,0.58844306301215,0.740237448147618,1.20803903007355,1.30097087378641,1.04844540853218,1.24837638908933,1.13157310849789,1.58469128419794,1.99045773072909,2.07579921886301,3.62479883515978,2.63781634681551,4.16469474680549,4.05033425088478,..,..
Russian Federation,RUS,Agricultural irrigated land (% of total agricultural land),AG.LND.IRIG.AG.ZS,..,..,..,..,..,..,..,..,..,..,..,..,..,..,..,..,..,..,..,..,..,..,..,..,..,..,..,..,..,..,..,..,..,..,..,..,..,..,..,..,..,2.06906728272949,2.05214838611407,2.09962224369674,2.09741642744699,2.07436943620178,2.05719111969112,2.01937223560426,1.97082053328631,..,..,..,..,..,..,..,..,..,..,..,..,..,..,..,..,..
Rwanda,RWA,Agricultural irrigated land (% of total agricultural land),AG.LND.IRIG.AG.ZS,..,..,..,..,..,..,..,..,..,..,..,..,..,..,..,..,..,..,..,..,..,..,..,..,..,..,..,..,..,..,..,..,..,..,..,..,..,..,..,..,..,..,..,..,..,0.422115895800106,..,..,..,..,..,..,..,..,..,..,..,..,..,..,..,..,..,..,..,..
Samoa,WSM,Agricultural irrigated land (% of total agricultural land),AG.LND.IRIG.AG.ZS,..,..,..,..,..,..,..,..,..,..,..,..,..,..,..,..,..,..,..,..,..,..,..,..,..,..,..,..,..,..,..,..,..,..,..,..,..,..,..,..,..,..,..,..,..,..,..,..,..,..,..,..,..,..,..,..,..,..,..,..,..,..,..,..,..,..
San Marino,SMR,Agricultural irrigated land (% of total agricultural land),AG.LND.IRIG.AG.ZS,..,..,..,..,..,..,..,..,..,..,..,..,..,..,..,..,..,..,..,..,..,..,..,..,..,..,..,..,..,..,..,..,..,..,..,..,..,..,..,..,..,..,..,..,..,..,..,..,..,..,..,..,..,..,..,..,..,..,..,..,..,..,..,..,..,..
Sao Tome and Principe,STP,Agricultural irrigated land (% of total agricultural land),AG.LND.IRIG.AG.ZS,..,..,..,..,..,..,..,..,..,..,..,..,..,..,..,..,..,..,..,..,..,..,..,..,..,..,..,..,..,..,..,..,..,..,..,..,..,..,..,..,..,..,..,..,..,..,..,..,..,..,..,..,..,..,..,..,..,..,..,..,..,..,..,..,..,..
Saudi Arabia,SAU,Agricultural irrigated land (% of total agricultural land),AG.LND.IRIG.AG.ZS,..,..,..,..,..,..,..,..,..,..,..,..,..,..,..,..,..,..,..,..,..,..,..,..,..,..,..,..,..,..,..,..,1.29943594136376,..,..,..,..,0.825126604984805,..,0.685241840783257,..,..,0.685343869165874,..,..,..,..,0.685385116181881,..,..,..,..,0.685572351366944,..,..,..,..,0.686031848894374,0.52145998773826,0.494052846897604,0.444557727518147,0.409296574597168,0.436251421547004,0.436251421547004,..,..
Senegal,SEN,Agricultural irrigated land (% of total agricultural land),AG.LND.IRIG.AG.ZS,..,..,..,..,..,..,..,..,..,..,..,..,..,..,..,..,..,..,..,..,..,..,..,..,..,..,..,..,..,..,..,..,..,..,..,..,..,..,..,..,..,..,0.64,0.625579240037071,0.690687233797629,0.763445761166819,0.742049469964664,..,..,..,..,..,..,..,..,..,..,..,..,..,..,..,..,..,..,..
Serbia,SRB,Agricultural irrigated land (% of total agricultural land),AG.LND.IRIG.AG.ZS,..,..,..,..,..,..,..,..,..,..,..,..,..,..,..,..,..,..,..,..,..,..,..,..,..,..,..,..,..,..,..,..,..,..,..,..,..,..,..,..,..,..,..,..,..,..,0.735651682216568,0.73217834252288,0.725385725385725,0.882319499715748,0.709904588823262,0.963664191372371,1.53064171431872,1.51810265811182,1.28336755646817,1.58000574547544,1.24421296296296,1.46241591108511,1.3568129330254,1.35838150289017,1.49339460080414,1.49210903873745,1.58547131738253,1.41342756183746,..,..
Seychelles,SYC,Agricultural irrigated land (% of total agricultural land),AG.LND.IRIG.AG.ZS,..,..,..,..,..,..,..,..,..,..,..,..,..,..,..,..,..,..,..,..,..,..,..,..,..,..,..,..,..,..,..,..,..,..,..,..,..,..,..,..,..,..,..,5,..,..,..,..,..,..,..,..,..,..,..,..,..,..,..,..,..,..,..,..,..,..
Sierra Leone,SLE,Agricultural irrigated land (% of total agricultural land),AG.LND.IRIG.AG.ZS,..,..,..,..,..,..,..,..,..,..,..,..,..,..,..,..,..,..,..,..,..,..,..,..,..,..,..,..,..,..,..,..,..,..,..,..,..,..,..,..,..,..,..,..,..,..,..,..,..,..,..,..,..,..,..,..,..,..,..,..,..,..,..,..,..,..
Singapore,SGP,Agricultural irrigated land (% of total agricultural land),AG.LND.IRIG.AG.ZS,..,..,..,..,..,..,..,..,..,..,..,..,..,..,..,..,..,..,..,..,..,..,..,..,..,..,..,..,..,..,..,..,..,..,..,..,..,..,..,..,..,..,..,..,..,..,..,..,..,..,..,..,..,..,..,..,..,..,..,..,..,..,..,..,..,..
Sint Maarten (Dutch part),SXM,Agricultural irrigated land (% of total agricultural land),AG.LND.IRIG.AG.ZS,..,..,..,..,..,..,..,..,..,..,..,..,..,..,..,..,..,..,..,..,..,..,..,..,..,..,..,..,..,..,..,..,..,..,..,..,..,..,..,..,..,..,..,..,..,..,..,..,..,..,..,..,..,..,..,..,..,..,..,..,..,..,..,..,..,..
Slovak Republic,SVK,Agricultural irrigated land (% of total agricultural land),AG.LND.IRIG.AG.ZS,..,..,..,..,..,..,..,..,..,..,..,..,..,..,..,..,..,..,..,..,..,..,..,..,..,..,..,..,..,..,..,..,..,..,..,..,..,..,..,..,..,4.92239467849224,3.35270451497541,4.20393559928444,2.17166494312306,1.33951571354972,1.28932439401753,1.29533678756477,1.34228187919463,1.03626943005181,0.76104283437034,0.715137067938021,1.28670748158141,0.971796767719446,0.957976077061501,1.11722969395319,1.1983032873807,1.29856306546035,1.15934356802541,1.07161803713528,1.24269782262347,1.37931034482759,1.4007571660357,1.27671232876712,..,..
Slovenia,SVN,Agricultural irrigated land (% of total agricultural land),AG.LND.IRIG.AG.ZS,..,..,..,..,..,..,..,..,..,..,..,..,..,..,..,..,..,..,..,..,..,..,..,..,..,..,..,..,..,..,..,..,..,..,..,..,..,..,..,..,..,0.588235294117647,0.594059405940594,0.588235294117647,0.609756097560976,0.392927308447937,0.610997963340122,0.803212851405622,0.646663217796172,0.639877143588431,0.641169493155516,0.644527158763152,0.326909560470096,0.327756018419888,0.3252878797736,0.486625898230304,0.50204055192071,0.520291363163372,0.522875816993464,0.514470503691122,0.648659273698177,0.762734057876129,0.812156143568247,0.664267015706806,..,..
Solomon Islands,SLB,Agricultural irrigated land (% of total agricultural land),AG.LND.IRIG.AG.ZS,..,..,..,..,..,..,..,..,..,..,..,..,..,..,..,..,..,..,..,..,..,..,..,..,..,..,..,..,..,..,..,..,..,..,..,..,..,..,..,..,..,..,..,..,..,..,..,..,..,..,..,..,..,..,..,..,..,..,..,..,..,..,..,..,..,..
"Somalia, Fed. Rep.",SOM,Agricultural irrigated land (% of total agricultural land),AG.LND.IRIG.AG.ZS,..,..,..,..,..,..,..,..,..,..,..,..,..,..,..,..,..,..,..,..,..,..,..,..,..,..,..,..,..,..,..,..,..,..,..,..,..,..,..,..,..,..,..,..,..,..,..,..,..,..,..,..,..,..,..,..,..,..,..,..,..,..,..,..,..,..
South Africa,ZAF,Agricultural irrigated land (% of total agricultural land),AG.LND.IRIG.AG.ZS,..,..,..,..,..,..,..,..,..,..,..,..,..,..,..,..,..,..,..,..,..,..,..,..,..,..,..,..,..,..,..,..,..,..,..,..,..,..,..,..,..,..,..,..,..,..,..,..,..,..,1.58735073433033,1.66123643306286,..,..,..,..,..,..,..,..,..,..,..,..,..,..
South Sudan,SSD,Agricultural irrigated land (% of total agricultural land),AG.LND.IRIG.AG.ZS,..,..,..,..,..,..,..,..,..,..,..,..,..,..,..,..,..,..,..,..,..,..,..,..,..,..,..,..,..,..,..,..,..,..,..,..,..,..,..,..,..,..,..,..,..,..,..,..,..,..,..,..,..,..,..,..,..,..,..,..,..,..,..,..,..,..
Spain,ESP,Agricultural irrigated land (% of total agricultural land),AG.LND.IRIG.AG.ZS,..,..,..,..,..,..,..,..,..,..,..,..,..,..,..,..,..,..,..,..,..,..,..,..,..,..,..,..,..,..,..,..,..,..,..,..,..,..,..,..,..,12.6253387533875,12.8488391855604,12.2697492539361,11.7436620687283,11.7096420244137,11.6031174640897,11.8483073846593,11.9387392509417,11.4658562745799,12.0021782537666,12.1196416672836,13.0057159824809,14.1846093995481,14.4028896079464,13.5398566402649,13.7597703468782,13.9335468804013,14.1454194820544,14.7263309927427,14.7677368490214,14.899014377001,14.2564501605842,15.1154163408034,..,..
Sri Lanka,LKA,Agricultural irrigated land (% of total agricultural land),AG.LND.IRIG.AG.ZS,..,..,..,..,..,..,..,..,..,..,..,..,..,..,..,..,..,..,..,..,..,..,..,..,..,..,..,..,..,..,..,..,..,..,..,..,..,..,..,..,..,..,..,..,..,..,..,..,..,..,..,..,..,..,..,..,..,..,..,..,..,..,..,..,..,..
St. Kitts and Nevis,KNA,Agricultural irrigated land (% of total agricultural land),AG.LND.IRIG.AG.ZS,..,..,..,..,..,..,..,..,..,..,..,..,..,..,..,..,..,..,..,..,..,..,..,..,..,..,..,..,..,..,..,..,..,..,..,..,..,..,..,..,..,..,..,..,..,..,..,..,..,..,..,..,..,..,..,..,..,..,..,..,..,..,..,..,..,..
St. Lucia,LCA,Agricultural irrigated land (% of total agricultural land),AG.LND.IRIG.AG.ZS,..,..,..,..,..,..,..,..,..,..,..,..,..,..,..,..,..,..,..,..,..,..,..,..,..,..,..,..,..,..,..,..,..,..,..,..,..,..,..,..,..,..,..,..,..,..,..,..,..,..,..,..,..,..,..,..,..,..,..,..,..,..,..,..,..,..
St. Martin (French part),MAF,Agricultural irrigated land (% of total agricultural land),AG.LND.IRIG.AG.ZS,..,..,..,..,..,..,..,..,..,..,..,..,..,..,..,..,..,..,..,..,..,..,..,..,..,..,..,..,..,..,..,..,..,..,..,..,..,..,..,..,..,..,..,..,..,..,..,..,..,..,..,..,..,..,..,..,..,..,..,..,..,..,..,..,..,..
St. Vincent and the Grenadines,VCT,Agricultural irrigated land (% of total agricultural land),AG.LND.IRIG.AG.ZS,..,..,..,..,..,..,..,..,..,..,..,..,..,..,..,..,..,..,..,..,..,..,..,..,..,..,..,..,..,..,..,..,..,..,..,..,..,..,..,..,..,..,..,..,..,..,..,..,..,..,..,..,..,..,..,..,..,..,..,..,..,..,..,..,..,..
Sudan,SDN,Agricultural irrigated land (% of total agricultural land),AG.LND.IRIG.AG.ZS,..,..,..,..,..,..,..,..,..,..,..,..,..,..,..,..,..,..,..,..,..,..,..,..,..,..,..,..,..,..,..,..,..,..,..,..,..,..,..,..,..,..,..,..,..,..,..,..,..,..,..,..,..,..,..,..,..,0.453899315519832,1.26784715750233,1.3761230195713,1.39049394221808,..,..,..,..,..
Suriname,SUR,Agricultural irrigated land (% of total agricultural land),AG.LND.IRIG.AG.ZS,..,..,..,..,..,..,..,..,..,..,..,..,..,..,..,..,..,..,..,..,..,..,..,..,..,..,..,..,..,..,..,..,..,..,..,..,..,..,..,..,..,..,..,..,..,..,..,..,..,70.2114427860697,71.0600255427842,69.55,72.9918032786885,72.65625,72.562358276644,75.8620689655172,75.8620689655172,75,73.8095238095238,75,75,74.3589743589744,..,..,..,..
Sweden,SWE,Agricultural irrigated land (% of total agricultural land),AG.LND.IRIG.AG.ZS,..,..,..,..,..,..,..,..,..,..,..,..,..,..,..,..,..,..,..,..,..,..,..,..,..,..,..,..,..,..,..,..,..,..,..,..,..,..,..,..,..,..,..,1.70805765973088,..,1.52599025365488,..,1.73571726104649,..,..,2.04964700523799,..,..,1.70944112144608,..,..,1.68822742740622,..,..,..,..,..,..,..,..,..
Switzerland,CHE,Agricultural irrigated land (% of total agricultural land),AG.LND.IRIG.AG.ZS,..,..,..,..,..,..,..,..,..,..,..,..,..,..,..,..,..,..,..,..,..,..,..,..,..,..,..,..,..,..,..,..,..,..,..,..,..,..,..,..,..,..,..,..,..,..,..,..,..,..,2.35921191112653,..,..,2.24996889273145,..,..,2.1645869014501,..,..,..,3.28865724743582,..,..,2.29202232915276,..,..
Syrian Arab Republic,SYR,Agricultural irrigated land (% of total agricultural land),AG.LND.IRIG.AG.ZS,..,..,..,..,..,..,..,..,..,..,..,..,..,..,..,..,..,..,..,..,..,..,..,..,..,..,..,..,..,..,..,..,..,..,..,..,..,..,..,..,..,..,..,9.85303699413596,10.3487953973391,10.3124096037026,10.1030482092671,10.0453335252213,9.75679953950209,8.90135174000575,9.64193270060397,10.0538986704995,10.2578837727175,9.41024351698872,..,..,7.21442878571235,6.81535838533693,6.995759640538,7.28284577165641,7.27932602410802,7.93653202674,7.21740408643246,7.21740408643246,..,..
Tajikistan,TJK,Agricultural irrigated land (% of total agricultural land),AG.LND.IRIG.AG.ZS,..,..,..,..,..,..,..,..,..,..,..,..,..,..,..,..,..,..,..,..,..,..,..,..,..,..,..,..,..,..,..,..,..,..,..,..,..,..,..,..,..,..,..,..,..,..,..,..,..,..,..,..,..,..,21.9647273900419,21.7408659091514,14.7976513336317,14.6055131842674,14.6448399315104,14.7127329192547,14.7306288347529,14.7401991288115,14.581515322622,14.6473045092428,..,..
Tanzania,TZA,Agricultural irrigated land (% of total agricultural land),AG.LND.IRIG.AG.ZS,..,..,..,..,..,..,..,..,..,..,..,..,..,..,..,..,..,..,..,..,..,..,..,..,..,..,..,..,..,..,..,..,..,..,..,..,..,..,..,..,..,..,..,..,..,..,..,..,..,..,..,..,..,..,..,..,..,..,..,..,..,..,..,..,..,..
Thailand,THA,Agricultural irrigated land (% of total agricultural land),AG.LND.IRIG.AG.ZS,..,..,..,..,..,..,..,..,..,..,..,..,..,..,..,..,..,..,..,..,..,..,..,..,..,..,..,..,..,..,..,..,..,..,..,..,..,..,..,..,..,..,..,..,..,..,..,..,..,..,..,..,..,..,..,..,..,..,..,..,..,..,..,..,..,..
Timor-Leste,TLS,Agricultural irrigated land (% of total agricultural land),AG.LND.IRIG.AG.ZS,..,..,..,..,..,..,..,..,..,..,..,..,..,..,..,..,..,..,..,..,..,..,..,..,..,..,..,..,..,..,..,..,..,..,..,..,..,..,..,..,..,..,8.59904818560381,..,..,..,..,..,..,..,..,..,..,..,..,..,..,..,..,..,..,..,..,..,..,..
Togo,TGO,Agricultural irrigated land (% of total agricultural land),AG.LND.IRIG.AG.ZS,..,..,..,..,..,..,..,..,..,..,..,..,..,..,..,..,..,..,..,..,..,..,..,..,..,..,..,..,..,..,..,..,..,..,..,..,..,..,..,..,..,..,..,..,..,..,..,..,..,..,..,..,..,..,..,..,..,..,..,..,..,..,..,..,..,..
Tonga,TON,Agricultural irrigated land (% of total agricultural land),AG.LND.IRIG.AG.ZS,..,..,..,..,..,..,..,..,..,..,..,..,..,..,..,..,..,..,..,..,..,..,..,..,..,..,..,..,..,..,..,..,..,..,..,..,..,..,..,..,..,..,..,..,..,..,..,..,..,..,..,..,..,..,..,..,..,..,..,..,..,..,..,..,..,..
Trinidad and Tobago,TTO,Agricultural irrigated land (% of total agricultural land),AG.LND.IRIG.AG.ZS,..,..,..,..,..,..,..,..,..,..,..,..,..,..,..,..,..,..,..,..,..,..,..,..,..,..,..,..,..,..,..,..,..,..,..,..,..,..,..,..,..,..,..,..,9.09090909090909,..,..,..,..,..,..,..,9.25925925925926,..,..,..,..,..,..,..,..,..,..,..,..,..
Tunisia,TUN,Agricultural irrigated land (% of total agricultural land),AG.LND.IRIG.AG.ZS,..,..,..,..,..,..,..,..,..,..,..,..,..,..,..,..,..,..,..,..,..,..,..,..,..,..,..,..,..,..,..,..,..,..,..,..,..,..,..,..,..,3.64248868301927,3.67714841749462,3.556827473426,3.62156663275687,3.62377850162866,3.8037935957577,3.88577256501785,4.00769152919745,4.12708141791807,3.89519824666268,3.76290706910246,3.83995162265672,3.94247209091823,..,..,..,..,..,..,..,..,..,..,..,..
Turkiye,TUR,Agricultural irrigated land (% of total agricultural land),AG.LND.IRIG.AG.ZS,..,..,..,..,..,..,..,..,..,..,..,..,..,..,..,..,..,..,..,..,..,..,..,..,..,..,..,..,..,..,9.57733699624468,7.7195697207178,7.75110264635124,7.74935484679177,7.70380333258612,7.83176765502747,7.85743318768418,7.8818612710871,7.74819008492197,7.67455709394075,7.64099903653746,8.55789884788127,8.51053500339839,8.62611947642949,8.50764377578258,8.50496082284162,8.65828661744005,8.87482597139603,8.96170952405296,9.01030556911927,8.98697836563109,9.18503412032316,8.93587106517041,9.30692553939047,9.14561394407844,9.31493346476097,10.0918388645377,10.2755241808029,10.1714195016137,10.8574610244989,11.6995921826174,11.9798366982593,12.1269577413574,12.4676065097958,..,..
Turkmenistan,TKM,Agricultural irrigated land (% of total agricultural land),AG.LND.IRIG.AG.ZS,..,..,..,..,..,..,..,..,..,..,..,..,..,..,..,..,..,..,..,..,..,..,..,..,..,..,..,..,..,..,..,..,..,..,..,..,..,..,..,..,..,..,..,..,..,..,..,..,..,..,..,..,..,..,..,..,..,..,..,4.0539520370417,4.09470338503197,4.12565466108627,4.14226499523082,4.15859834411229,..,..
Turks and Caicos Islands,TCA,Agricultural irrigated land (% of total agricultural land),AG.LND.IRIG.AG.ZS,..,..,..,..,..,..,..,..,..,..,..,..,..,..,..,..,..,..,..,..,..,..,..,..,..,..,..,..,..,..,..,..,..,..,..,..,..,..,..,..,..,..,..,..,..,..,..,..,..,..,..,..,..,..,..,..,..,..,..,..,..,..,..,..,..,..
Tuvalu,TUV,Agricultural irrigated land (% of total agricultural land),AG.LND.IRIG.AG.ZS,..,..,..,..,..,..,..,..,..,..,..,..,..,..,..,..,..,..,..,..,..,..,..,..,..,..,..,..,..,..,..,..,..,..,..,..,..,..,..,..,..,..,..,..,..,..,..,..,..,..,..,..,..,..,..,..,..,..,..,..,..,..,..,..,..,..
Uganda,UGA,Agricultural irrigated land (% of total agricultural land),AG.LND.IRIG.AG.ZS,..,..,..,..,..,..,..,..,..,..,..,..,..,..,..,..,..,..,..,..,..,..,..,..,..,..,..,..,..,..,..,..,..,..,..,..,..,..,..,..,..,..,..,..,..,..,..,..,..,..,..,..,..,0.0733957682969129,..,..,..,..,..,..,..,..,..,..,..,..
Ukraine,UKR,Agricultural irrigated land (% of total agricultural land),AG.LND.IRIG.AG.ZS,..,..,..,..,..,..,..,..,..,..,..,..,..,..,..,..,..,..,..,..,..,..,..,..,..,..,..,..,..,..,..,..,..,..,..,..,..,..,..,..,..,1.31279449075752,1.76369697555319,1.76858904606456,..,..,..,..,..,0.981199728655877,0.896600189013013,0.898718538795087,0.910477758674964,0.968068198237249,0.7467900074679,0.756480678423436,0.792484644104541,0.899033478753405,0.965423794430061,0.987630413207136,1.05298830819878,1.06993294764106,0.242066277746847,0.239645614969379,..,..
United Arab Emirates,ARE,Agricultural irrigated land (% of total agricultural land),AG.LND.IRIG.AG.ZS,..,..,..,..,..,..,..,..,..,..,..,..,..,..,..,..,..,..,..,..,..,..,..,..,..,..,..,..,..,..,..,..,..,..,..,..,..,..,..,..,..,..,..,..,..,..,..,..,..,..,19.3729288809585,18.3011583011583,12.768781523759,20.9277807063785,21.5686274509804,21.6300940438871,21.8342886920271,21.8342886920271,21.9148657498363,23.6577868852459,23.5556695741406,23.9962304772047,23.9962304772047,23.9875191375522,..,..
United Kingdom,GBR,Agricultural irrigated land (% of total agricultural land),AG.LND.IRIG.AG.ZS,..,..,..,..,..,..,..,..,..,..,..,..,..,..,..,..,..,..,..,..,..,..,..,..,..,..,..,..,..,..,..,..,..,..,..,..,..,..,..,..,..,..,..,1.33875914130691,..,1.22906345836282,..,0.783135943786479,..,..,0.385508592661403,..,..,0.283648885230316,..,..,..,..,0.413905093911878,..,..,..,..,..,..,..
United States,USA,Agricultural irrigated land (% of total agricultural land),AG.LND.IRIG.AG.ZS,..,..,..,..,..,..,..,..,..,..,..,..,..,..,..,..,..,..,..,..,..,..,..,..,..,..,..,..,..,..,..,..,..,..,..,..,..,..,..,..,..,..,5.41901497104565,..,..,..,..,5.54815994667411,5.35792418823187,..,..,..,5.34075736718487,..,..,..,..,5.49528625992559,..,..,..,..,..,5.10106306843818,..,..
Uruguay,URY,Agricultural irrigated land (% of total agricultural land),AG.LND.IRIG.AG.ZS,..,..,..,..,..,..,..,..,..,..,..,..,..,..,..,..,..,..,..,..,..,..,..,..,..,..,..,..,..,..,..,..,..,..,..,..,..,..,..,..,..,..,..,..,..,..,1.15005103776795,1.07903780068729,1.22665939757394,1.16781422978264,1.23328483336798,1.37684152554041,1.40479033504249,..,..,..,1.56323386118764,1.56789403005013,1.57144065168983,..,..,..,..,..,..,..
Uzbekistan,UZB,Agricultural irrigated land (% of total agricultural land),AG.LND.IRIG.AG.ZS,..,..,..,..,..,..,..,..,..,..,..,..,..,..,..,..,..,..,..,..,..,..,..,..,..,..,..,..,..,..,..,..,..,..,..,..,..,..,..,..,..,..,..,..,..,..,..,..,..,..,..,..,..,..,..,14.3529826209488,14.3417483177208,14.6327134867545,14.6322731315854,14.5926676658071,14.5312956293196,14.5247678139086,14.4766968062401,14.5825189586428,..,..
Vanuatu,VUT,Agricultural irrigated land (% of total agricultural land),AG.LND.IRIG.AG.ZS,..,..,..,..,..,..,..,..,..,..,..,..,..,..,..,..,..,..,..,..,..,..,..,..,..,..,..,..,..,..,..,..,..,..,..,..,..,..,..,..,..,..,..,..,..,..,..,..,..,..,..,..,..,..,..,..,..,..,..,..,..,..,..,..,..,..
"Venezuela, RB",VEN,Agricultural irrigated land (% of total agricultural land),AG.LND.IRIG.AG.ZS,..,..,..,..,..,..,..,..,..,..,..,..,..,..,..,..,..,..,..,..,..,..,..,..,..,..,..,..,..,..,..,..,..,..,..,..,..,..,..,..,..,..,..,..,..,..,..,3.16805046616262,..,..,..,..,..,..,..,..,..,..,..,..,..,..,..,..,..,..
Virgin Islands (U.S.),VIR,Agricultural irrigated land (% of total agricultural land),AG.LND.IRIG.AG.ZS,..,..,..,..,..,..,..,..,..,..,..,..,..,..,..,..,..,..,..,..,..,..,..,..,..,..,..,..,..,..,..,..,..,..,..,..,..,..,..,..,..,..,..,..,..,..,..,..,..,..,..,..,..,..,..,..,..,..,..,..,..,..,..,..,..,..
West Bank and Gaza,PSE,Agricultural irrigated land (% of total agricultural land),AG.LND.IRIG.AG.ZS,..,..,..,..,..,..,..,..,..,..,..,..,..,..,..,..,..,..,..,..,..,..,..,..,..,..,..,..,..,..,..,..,..,..,..,..,..,..,..,..,..,3.50606323088244,3.45575597755124,3.30829270828656,3.39130169749675,3.29612070137168,3.53743019203101,3.78748243474778,3.62352511870242,..,3.41424379834623,3.71865867981419,5.74327199771767,3.65321836714652,..,..,..,..,..,..,..,..,..,..,..,..
"Yemen, Rep.",YEM,Agricultural irrigated land (% of total agricultural land),AG.LND.IRIG.AG.ZS,..,..,..,..,..,..,..,..,..,..,..,..,..,..,..,..,..,..,..,..,..,..,..,..,..,..,..,..,..,..,..,..,..,..,..,..,..,..,..,..,..,..,..,..,..,..,..,..,..,..,..,..,..,..,..,..,..,..,..,..,..,..,..,..,..,..
Zambia,ZMB,Agricultural irrigated land (% of total agricultural land),AG.LND.IRIG.AG.ZS,..,..,..,..,..,..,..,..,..,..,..,..,..,..,..,..,..,..,..,..,..,..,..,..,..,..,..,..,..,..,..,..,..,..,..,..,..,..,..,..,..,..,..,..,..,..,..,..,..,..,..,..,..,..,..,..,..,..,..,..,..,..,..,..,..,..
Zimbabwe,ZWE,Agricultural irrigated land (% of total agricultural land),AG.LND.IRIG.AG.ZS,..,..,..,..,..,..,..,..,..,..,..,..,..,..,..,..,..,..,..,..,..,..,..,..,..,..,..,..,..,..,..,..,..,..,..,..,..,..,..,..,..,..,..,..,..,..,..,..,..,..,..,..,..,..,..,..,..,..,..,..,..,..,..,..,..,..
Africa Eastern and Southern,AFE,Agricultural irrigated land (% of total agricultural land),AG.LND.IRIG.AG.ZS,..,..,..,..,..,..,..,..,..,..,..,..,..,..,..,..,..,..,..,..,..,..,..,..,..,..,..,..,..,..,..,..,..,..,..,..,..,..,..,..,..,..,..,..,..,..,..,..,..,..,..,..,..,..,..,..,..,..,..,..,..,..,..,..,..,..
Africa Western and Central,AFW,Agricultural irrigated land (% of total agricultural land),AG.LND.IRIG.AG.ZS,..,..,..,..,..,..,..,..,..,..,..,..,..,..,..,..,..,..,..,..,..,..,..,..,..,..,..,..,..,..,..,..,..,..,..,..,..,..,..,..,..,..,..,..,..,..,..,..,..,..,..,..,..,..,..,..,..,..,..,..,..,..,..,..,..,..
Arab World,ARB,Agricultural irrigated land (% of total agricultural land),AG.LND.IRIG.AG.ZS,..,..,..,..,..,..,..,..,..,..,..,..,..,..,..,..,..,..,..,..,..,..,..,..,..,..,..,..,..,..,..,..,..,..,..,..,..,..,..,..,..,..,..,..,..,..,..,..,..,..,..,..,..,..,..,..,..,..,..,..,..,..,..,..,..,..
Caribbean small states,CSS,Agricultural irrigated land (% of total agricultural land),AG.LND.IRIG.AG.ZS,..,..,..,..,..,..,..,..,..,..,..,..,..,..,..,..,..,..,..,..,..,..,..,..,..,..,..,..,..,..,..,..,..,..,..,..,..,..,..,..,..,..,..,..,..,..,..,..,..,..,..,..,..,..,..,..,..,..,..,..,..,..,..,..,..,..
Central Europe and the Baltics,CEB,Agricultural irrigated land (% of total agricultural land),AG.LND.IRIG.AG.ZS,..,..,..,..,..,..,..,..,..,..,..,..,..,..,..,..,..,..,..,..,..,..,..,..,..,..,..,..,..,..,..,..,..,..,..,..,..,..,..,..,..,..,..,..,..,..,..,..,..,..,..,..,..,..,..,..,..,..,..,..,..,..,..,..,..,..
Early-demographic dividend,EAR,Agricultural irrigated land (% of total agricultural land),AG.LND.IRIG.AG.ZS,..,..,..,..,..,..,..,..,..,..,..,..,..,..,..,..,..,..,..,..,..,..,..,..,..,..,..,..,..,..,..,..,..,..,..,..,..,..,..,..,..,..,..,..,..,..,..,..,..,..,..,..,..,..,..,..,..,..,..,..,..,..,..,..,..,..
East Asia & Pacific,EAS,Agricultural irrigated land (% of total agricultural land),AG.LND.IRIG.AG.ZS,..,..,..,..,..,..,..,..,..,..,..,..,..,..,..,..,..,..,..,..,..,..,..,..,..,..,..,..,..,..,..,..,..,..,..,..,..,..,..,..,..,..,..,..,..,..,..,..,..,..,..,..,..,..,..,..,..,..,..,..,..,..,..,..,..,..
East Asia & Pacific (excluding high income),EAP,Agricultural irrigated land (% of total agricultural land),AG.LND.IRIG.AG.ZS,..,..,..,..,..,..,..,..,..,..,..,..,..,..,..,..,..,..,..,..,..,..,..,..,..,..,..,..,..,..,..,..,..,..,..,..,..,..,..,..,..,..,..,..,..,..,..,..,..,..,..,..,..,..,..,..,..,..,..,..,..,..,..,..,..,..
East Asia & Pacific (IDA & IBRD countries),TEA,Agricultural irrigated land (% of total agricultural land),AG.LND.IRIG.AG.ZS,..,..,..,..,..,..,..,..,..,..,..,..,..,..,..,..,..,..,..,..,..,..,..,..,..,..,..,..,..,..,..,..,..,..,..,..,..,..,..,..,..,..,..,..,..,..,..,..,..,..,..,..,..,..,..,..,..,..,..,..,..,..,..,..,..,..
Euro area,EMU,Agricultural irrigated land (% of total agricultural land),AG.LND.IRIG.AG.ZS,..,..,..,..,..,..,..,..,..,..,..,..,..,..,..,..,..,..,..,..,..,..,..,..,..,..,..,..,..,..,..,..,..,..,..,..,..,..,..,..,..,..,..,..,..,..,..,..,..,..,..,..,..,..,..,..,..,..,..,..,..,..,..,..,..,..
Europe & Central Asia,ECS,Agricultural irrigated land (% of total agricultural land),AG.LND.IRIG.AG.ZS,..,..,..,..,..,..,..,..,..,..,..,..,..,..,..,..,..,..,..,..,..,..,..,..,..,..,..,..,..,..,..,..,..,..,..,..,..,..,..,..,..,..,..,..,..,..,..,..,..,..,..,..,..,..,..,..,..,..,..,..,..,..,..,..,..,..
Europe & Central Asia (excluding high income),ECA,Agricultural irrigated land (% of total agricultural land),AG.LND.IRIG.AG.ZS,..,..,..,..,..,..,..,..,..,..,..,..,..,..,..,..,..,..,..,..,..,..,..,..,..,..,..,..,..,..,..,..,..,..,..,..,..,..,..,..,..,..,..,..,..,..,..,..,..,..,..,..,..,..,..,..,..,..,..,..,..,..,..,..,..,..
Europe & Central Asia (IDA & IBRD countries),TEC,Agricultural irrigated land (% of total agricultural land),AG.LND.IRIG.AG.ZS,..,..,..,..,..,..,..,..,..,..,..,..,..,..,..,..,..,..,..,..,..,..,..,..,..,..,..,..,..,..,..,..,..,..,..,..,..,..,..,..,..,..,..,..,..,..,..,..,..,..,..,..,..,..,..,..,..,..,..,..,..,..,..,..,..,..
European Union,EUU,Agricultural irrigated land (% of total agricultural land),AG.LND.IRIG.AG.ZS,..,..,..,..,..,..,..,..,..,..,..,..,..,..,..,..,..,..,..,..,..,..,..,..,..,..,..,..,..,..,..,..,..,..,..,..,..,..,..,..,..,..,..,..,..,..,..,..,..,..,..,..,..,..,..,..,..,..,..,..,..,..,..,..,..,..
Fragile and conflict affected situations,FCS,Agricultural irrigated land (% of total agricultural land),AG.LND.IRIG.AG.ZS,..,..,..,..,..,..,..,..,..,..,..,..,..,..,..,..,..,..,..,..,..,..,..,..,..,..,..,..,..,..,..,..,..,..,..,..,..,..,..,..,..,..,..,..,..,..,..,..,..,..,..,..,..,..,..,..,..,..,..,..,..,..,..,..,..,..
Heavily indebted poor countries (HIPC),HPC,Agricultural irrigated land (% of total agricultural land),AG.LND.IRIG.AG.ZS,..,..,..,..,..,..,..,..,..,..,..,..,..,..,..,..,..,..,..,..,..,..,..,..,..,..,..,..,..,..,..,..,..,..,..,..,..,..,..,..,..,..,..,..,..,..,..,..,..,..,..,..,..,..,..,..,..,..,..,..,..,..,..,..,..,..
High income,HIC,Agricultural irrigated land (% of total agricultural land),AG.LND.IRIG.AG.ZS,..,..,..,..,..,..,..,..,..,..,..,..,..,..,..,..,..,..,..,..,..,..,..,..,..,..,..,..,..,..,..,..,..,..,..,..,..,..,..,..,..,..,..,..,..,..,..,..,..,..,..,..,..,..,..,..,..,..,..,..,..,..,..,..,..,..
IBRD only,IBD,Agricultural irrigated land (% of total agricultural land),AG.LND.IRIG.AG.ZS,..,..,..,..,..,..,..,..,..,..,..,..,..,..,..,..,..,..,..,..,..,..,..,..,..,..,..,..,..,..,..,..,..,..,..,..,..,..,..,..,..,..,..,..,..,..,..,..,..,..,..,..,..,..,..,..,..,..,..,..,..,..,..,..,..,..
IDA & IBRD total,IBT,Agricultural irrigated land (% of total agricultural land),AG.LND.IRIG.AG.ZS,..,..,..,..,..,..,..,..,..,..,..,..,..,..,..,..,..,..,..,..,..,..,..,..,..,..,..,..,..,..,..,..,..,..,..,..,..,..,..,..,..,..,..,..,..,..,..,..,..,..,..,..,..,..,..,..,..,..,..,..,..,..,..,..,..,..
IDA blend,IDB,Agricultural irrigated land (% of total agricultural land),AG.LND.IRIG.AG.ZS,..,..,..,..,..,..,..,..,..,..,..,..,..,..,..,..,..,..,..,..,..,..,..,..,..,..,..,..,..,..,..,..,..,..,..,..,..,..,..,..,..,..,..,..,..,..,..,..,..,..,..,..,..,..,..,..,..,..,..,..,..,..,..,..,..,..
IDA only,IDX,Agricultural irrigated land (% of total agricultural land),AG.LND.IRIG.AG.ZS,..,..,..,..,..,..,..,..,..,..,..,..,..,..,..,..,..,..,..,..,..,..,..,..,..,..,..,..,..,..,..,..,..,..,..,..,..,..,..,..,..,..,..,..,..,..,..,..,..,..,..,..,..,..,..,..,..,..,..,..,..,..,..,..,..,..
IDA total,IDA,Agricultural irrigated land (% of total agricultural land),AG.LND.IRIG.AG.ZS,..,..,..,..,..,..,..,..,..,..,..,..,..,..,..,..,..,..,..,..,..,..,..,..,..,..,..,..,..,..,..,..,..,..,..,..,..,..,..,..,..,..,..,..,..,..,..,..,..,..,..,..,..,..,..,..,..,..,..,..,..,..,..,..,..,..
Late-demographic dividend,LTE,Agricultural irrigated land (% of total agricultural land),AG.LND.IRIG.AG.ZS,..,..,..,..,..,..,..,..,..,..,..,..,..,..,..,..,..,..,..,..,..,..,..,..,..,..,..,..,..,..,..,..,..,..,..,..,..,..,..,..,..,..,..,..,..,..,..,..,..,..,..,..,..,..,..,..,..,..,..,..,..,..,..,..,..,..
Latin America & Caribbean,LCN,Agricultural irrigated land (% of total agricultural land),AG.LND.IRIG.AG.ZS,..,..,..,..,..,..,..,..,..,..,..,..,..,..,..,..,..,..,..,..,..,..,..,..,..,..,..,..,..,..,..,..,..,..,..,..,..,..,..,..,..,..,..,..,..,..,..,..,..,..,..,..,..,..,..,..,..,..,..,..,..,..,..,..,..,..
Latin America & Caribbean (excluding high income),LAC,Agricultural irrigated land (% of total agricultural land),AG.LND.IRIG.AG.ZS,..,..,..,..,..,..,..,..,..,..,..,..,..,..,..,..,..,..,..,..,..,..,..,..,..,..,..,..,..,..,..,..,..,..,..,..,..,..,..,..,..,..,..,..,..,..,..,..,..,..,..,..,..,..,..,..,..,..,..,..,..,..,..,..,..,..
Latin America & the Caribbean (IDA & IBRD countries),TLA,Agricultural irrigated land (% of total agricultural land),AG.LND.IRIG.AG.ZS,..,..,..,..,..,..,..,..,..,..,..,..,..,..,..,..,..,..,..,..,..,..,..,..,..,..,..,..,..,..,..,..,..,..,..,..,..,..,..,..,..,..,..,..,..,..,..,..,..,..,..,..,..,..,..,..,..,..,..,..,..,..,..,..,..,..
Least developed countries: UN classification,LDC,Agricultural irrigated land (% of total agricultural land),AG.LND.IRIG.AG.ZS,..,..,..,..,..,..,..,..,..,..,..,..,..,..,..,..,..,..,..,..,..,..,..,..,..,..,..,..,..,..,..,..,..,..,..,..,..,..,..,..,..,..,..,..,..,..,..,..,..,..,..,..,..,..,..,..,..,..,..,..,..,..,..,..,..,..
Low & middle income,LMY,Agricultural irrigated land (% of total agricultural land),AG.LND.IRIG.AG.ZS,..,..,..,..,..,..,..,..,..,..,..,..,..,..,..,..,..,..,..,..,..,..,..,..,..,..,..,..,..,..,..,..,..,..,..,..,..,..,..,..,..,..,..,..,..,..,..,..,..,..,..,..,..,..,..,..,..,..,..,..,..,..,..,..,..,..
Low income,LIC,Agricultural irrigated land (% of total agricultural land),AG.LND.IRIG.AG.ZS,..,..,..,..,..,..,..,..,..,..,..,..,..,..,..,..,..,..,..,..,..,..,..,..,..,..,..,..,..,..,..,..,..,..,..,..,..,..,..,..,..,..,..,..,..,..,..,..,..,..,..,..,..,..,..,..,..,..,..,..,..,..,..,..,..,..
Lower middle income,LMC,Agricultural irrigated land (% of total agricultural land),AG.LND.IRIG.AG.ZS,..,..,..,..,..,..,..,..,..,..,..,..,..,..,..,..,..,..,..,..,..,..,..,..,..,..,..,..,..,..,..,..,..,..,..,..,..,..,..,..,..,..,..,..,..,..,..,..,..,..,..,..,..,..,..,..,..,..,..,..,..,..,..,..,..,..
"Middle East, North Africa, Afghanistan & Pakistan",MEA,Agricultural irrigated land (% of total agricultural land),AG.LND.IRIG.AG.ZS,..,..,..,..,..,..,..,..,..,..,..,..,..,..,..,..,..,..,..,..,..,..,..,..,..,..,..,..,..,..,..,..,..,..,..,..,..,..,..,..,..,..,..,..,..,..,..,..,..,..,..,..,..,..,..,..,..,..,..,..,..,..,..,..,..,..
"Middle East, North Africa, Afghanistan & Pakistan (excluding high income)",MNA,Agricultural irrigated land (% of total agricultural land),AG.LND.IRIG.AG.ZS,..,..,..,..,..,..,..,..,..,..,..,..,..,..,..,..,..,..,..,..,..,..,..,..,..,..,..,..,..,..,..,..,..,..,..,..,..,..,..,..,..,..,..,..,..,..,..,..,..,..,..,..,..,..,..,..,..,..,..,..,..,..,..,..,..,..
"Middle East, North Africa, Afghanistan & Pakistan (IDA & IBRD)",TMN,Agricultural irrigated land (% of total agricultural land),AG.LND.IRIG.AG.ZS,..,..,..,..,..,..,..,..,..,..,..,..,..,..,..,..,..,..,..,..,..,..,..,..,..,..,..,..,..,..,..,..,..,..,..,..,..,..,..,..,..,..,..,..,..,..,..,..,..,..,..,..,..,..,..,..,..,..,..,..,..,..,..,..,..,..
Middle income,MIC,Agricultural irrigated land (% of total agricultural land),AG.LND.IRIG.AG.ZS,..,..,..,..,..,..,..,..,..,..,..,..,..,..,..,..,..,..,..,..,..,..,..,..,..,..,..,..,..,..,..,..,..,..,..,..,..,..,..,..,..,..,..,..,..,..,..,..,..,..,..,..,..,..,..,..,..,..,..,..,..,..,..,..,..,..
North America,NAC,Agricultural irrigated land (% of total agricultural land),AG.LND.IRIG.AG.ZS,..,..,..,..,..,..,..,..,..,..,..,..,..,..,..,..,..,..,..,..,..,..,..,..,..,..,..,..,..,..,..,..,..,..,..,..,..,..,..,..,..,..,..,..,..,..,..,..,..,..,..,..,..,..,..,..,..,..,..,..,..,..,..,..,..,..
Not classified,INX,Agricultural irrigated land (% of total agricultural land),AG.LND.IRIG.AG.ZS,..,..,..,..,..,..,..,..,..,..,..,..,..,..,..,..,..,..,..,..,..,..,..,..,..,..,..,..,..,..,..,..,..,..,..,..,..,..,..,..,..,..,..,..,..,..,..,..,..,..,..,..,..,..,..,..,..,..,..,..,..,..,..,..,..,..
OECD members,OED,Agricultural irrigated land (% of total agricultural land),AG.LND.IRIG.AG.ZS,..,..,..,..,..,..,..,..,..,..,..,..,..,..,..,..,..,..,..,..,..,..,..,..,..,..,..,..,..,..,..,..,..,..,..,..,..,..,..,..,..,..,..,..,..,..,..,..,..,..,..,..,..,..,..,..,..,..,..,..,..,..,..,..,..,..
Other small states,OSS,Agricultural irrigated land (% of total agricultural land),AG.LND.IRIG.AG.ZS,..,..,..,..,..,..,..,..,..,..,..,..,..,..,..,..,..,..,..,..,..,..,..,..,..,..,..,..,..,..,..,..,..,..,..,..,..,..,..,..,..,..,..,..,..,..,..,..,..,..,..,..,..,..,..,..,..,..,..,..,..,..,..,..,..,..
Pacific island small states,PSS,Agricultural irrigated land (% of total agricultural land),AG.LND.IRIG.AG.ZS,..,..,..,..,..,..,..,..,..,..,..,..,..,..,..,..,..,..,..,..,..,..,..,..,..,..,..,..,..,..,..,..,..,..,..,..,..,..,..,..,..,..,..,..,..,..,..,..,..,..,..,..,..,..,..,..,..,..,..,..,..,..,..,..,..,..
Post-demographic dividend,PST,Agricultural irrigated land (% of total agricultural land),AG.LND.IRIG.AG.ZS,..,..,..,..,..,..,..,..,..,..,..,..,..,..,..,..,..,..,..,..,..,..,..,..,..,..,..,..,..,..,..,..,..,..,..,..,..,..,..,..,..,..,..,..,..,..,..,..,..,..,..,..,..,..,..,..,..,..,..,..,..,..,..,..,..,..
Pre-demographic dividend,PRE,Agricultural irrigated land (% of total agricultural land),AG.LND.IRIG.AG.ZS,..,..,..,..,..,..,..,..,..,..,..,..,..,..,..,..,..,..,..,..,..,..,..,..,..,..,..,..,..,..,..,..,..,..,..,..,..,..,..,..,..,..,..,..,..,..,..,..,..,..,..,..,..,..,..,..,..,..,..,..,..,..,..,..,..,..
Small states,SST,Agricultural irrigated land (% of total agricultural land),AG.LND.IRIG.AG.ZS,..,..,..,..,..,..,..,..,..,..,..,..,..,..,..,..,..,..,..,..,..,..,..,..,..,..,..,..,..,..,..,..,..,..,..,..,..,..,..,..,..,..,..,..,..,..,..,..,..,..,..,..,..,..,..,..,..,..,..,..,..,..,..,..,..,..
South Asia,SAS,Agricultural irrigated land (% of total agricultural land),AG.LND.IRIG.AG.ZS,..,..,..,..,..,..,..,..,..,..,..,..,..,..,..,..,..,..,..,..,..,..,..,..,..,..,..,..,..,..,..,..,..,..,..,..,..,..,..,..,..,..,..,..,..,..,..,..,..,..,..,..,..,..,..,..,..,..,..,..,..,..,..,..,..,..
South Asia (IDA & IBRD),TSA,Agricultural irrigated land (% of total agricultural land),AG.LND.IRIG.AG.ZS,..,..,..,..,..,..,..,..,..,..,..,..,..,..,..,..,..,..,..,..,..,..,..,..,..,..,..,..,..,..,..,..,..,..,..,..,..,..,..,..,..,..,..,..,..,..,..,..,..,..,..,..,..,..,..,..,..,..,..,..,..,..,..,..,..,..
Sub-Saharan Africa,SSF,Agricultural irrigated land (% of total agricultural land),AG.LND.IRIG.AG.ZS,..,..,..,..,..,..,..,..,..,..,..,..,..,..,..,..,..,..,..,..,..,..,..,..,..,..,..,..,..,..,..,..,..,..,..,..,..,..,..,..,..,..,..,..,..,..,..,..,..,..,..,..,..,..,..,..,..,..,..,..,..,..,..,..,..,..
Sub-Saharan Africa (excluding high income),SSA,Agricultural irrigated land (% of total agricultural land),AG.LND.IRIG.AG.ZS,..,..,..,..,..,..,..,..,..,..,..,..,..,..,..,..,..,..,..,..,..,..,..,..,..,..,..,..,..,..,..,..,..,..,..,..,..,..,..,..,..,..,..,..,..,..,..,..,..,..,..,..,..,..,..,..,..,..,..,..,..,..,..,..,..,..
Sub-Saharan Africa (IDA & IBRD countries),TSS,Agricultural irrigated land (% of total agricultural land),AG.LND.IRIG.AG.ZS,..,..,..,..,..,..,..,..,..,..,..,..,..,..,..,..,..,..,..,..,..,..,..,..,..,..,..,..,..,..,..,..,..,..,..,..,..,..,..,..,..,..,..,..,..,..,..,..,..,..,..,..,..,..,..,..,..,..,..,..,..,..,..,..,..,..
Upper middle income,UMC,Agricultural irrigated land (% of total agricultural land),AG.LND.IRIG.AG.ZS,..,..,..,..,..,..,..,..,..,..,..,..,..,..,..,..,..,..,..,..,..,..,..,..,..,..,..,..,..,..,..,..,..,..,..,..,..,..,..,..,..,..,..,..,..,..,..,..,..,..,..,..,..,..,..,..,..,..,..,..,..,..,..,..,..,..
World,WLD,Agricultural irrigated land (% of total agricultural land),AG.LND.IRIG.AG.ZS,..,..,..,..,..,..,..,..,..,..,..,..,..,..,..,..,..,..,..,..,..,..,..,..,..,..,..,..,..,..,..,..,..,..,..,..,..,..,..,..,..,..,..,..,..,..,..,..,..,..,..,..,..,..,..,..,..,..,..,..,..,..,..,..,..,..
